AGRUPAMENTO MODAL;GEOGRAFIA/ TIPO LOJA;LOCALIZAÇÃO/ LOJA;DIA DA PRODUÇÃO;HORÁRIO FINAL DE CORTE PARA PRODUÇÃO;DIA ENTREGA (REAL);FREQUÊNCIA DE ENTREGA;ROTA / DESTINO
DESTINO LOJA;Convencional;1013 - MARACAJU;TERÇA-FEIRA;6;quinta-feira;SEMANAL;1013
DESTINO LOJA;Convencional;1013 - MARACAJU;QUINTA-FEIRA;6;sábado;SEMANAL;1013
DESTINO LOJA;Convencional;1013 - MARACAJU;SEXTA-FEIRA;20;segunda-feira;SEMANAL;1013
DESTINO LOJA;Convencional;105 - SANTO ANTONIO DA PLATINA;TERÇA-FEIRA;20;quarta-feira;SEMANAL;105
DESTINO LOJA;Convencional;105 - SANTO ANTONIO DA PLATINA;QUINTA-FEIRA;20;sexta-feira;SEMANAL;105
DESTINO LOJA;Convencional;105 - SANTO ANTONIO DA PLATINA;SÁBADO;16;segunda-feira;SEMANAL;105
DESTINO LOJA;Convencional;1062 - PARANAIBA;TERÇA-FEIRA;6;quarta-feira;SEMANAL;1062
DESTINO LOJA;Convencional;1062 - PARANAIBA;QUINTA-FEIRA;6;sexta-feira;SEMANAL;1062
DESTINO LOJA;Convencional;1189 - SANTA CRUZ DO RIO PARDO;SEGUNDA-FEIRA;18;terça-feira;SEMANAL;1189
DESTINO LOJA;Convencional;1189 - SANTA CRUZ DO RIO PARDO;QUARTA-FEIRA;18;quinta-feira;SEMANAL;1189
DESTINO LOJA;Convencional;1189 - SANTA CRUZ DO RIO PARDO;SEXTA-FEIRA;18;sábado;SEMANAL;1189
DESTINO LOJA;Convencional;141 - DOURADOS;TERÇA-FEIRA;6;quarta-feira;SEMANAL;141
DESTINO LOJA;Convencional;141 - DOURADOS;QUARTA-FEIRA;6;quinta-feira;SEMANAL;141
DESTINO LOJA;Convencional;141 - DOURADOS;QUINTA-FEIRA;6;sexta-feira;SEMANAL;141
DESTINO LOJA;Convencional;141 - DOURADOS;SEXTA-FEIRA;20;sábado;SEMANAL;141
DESTINO LOJA;Convencional;158 - ARAPONGAS;QUARTA-FEIRA;0;quarta-feira;SEMANAL;158
DESTINO LOJA;Convencional;158 - ARAPONGAS;SEXTA-FEIRA;0;sexta-feira;SEMANAL;158
DESTINO LOJA;Convencional;178 - ASSIS;TERÇA-FEIRA;18;quarta-feira;SEMANAL;178
DESTINO LOJA;Convencional;178 - ASSIS;QUINTA-FEIRA;18;sexta-feira;SEMANAL;178
DESTINO LOJA;Convencional;178 - ASSIS;SÁBADO;16;segunda-feira;SEMANAL;178
DESTINO LOJA;Convencional;179 - BIRIGUI;TERÇA-FEIRA;17;quarta-feira;SEMANAL;179
DESTINO LOJA;Convencional;179 - BIRIGUI;QUINTA-FEIRA;17;sexta-feira;SEMANAL;179
DESTINO LOJA;Convencional;179 - BIRIGUI;SÁBADO;13;segunda-feira;SEMANAL;179
DESTINO LOJA;Convencional;1808 - CASCAVEL;TERÇA-FEIRA;13;quarta-feira;SEMANAL;1808
DESTINO LOJA;Convencional;1808 - CASCAVEL;QUINTA-FEIRA;13;sexta-feira;SEMANAL;1808
DESTINO LOJA;Convencional;1808 - CASCAVEL;SÁBADO;13;segunda-feira;SEMANAL;1808
DESTINO LOJA;Convencional;182 - LONDRINA;TERÇA-FEIRA;0;terça-feira;SEMANAL;182
DESTINO LOJA;Convencional;182 - LONDRINA;SEXTA-FEIRA;0;sexta-feira;SEMANAL;182
DESTINO LOJA;Convencional;184 - PARAGUACU PAULISTA;QUARTA-FEIRA;18;quinta-feira;SEMANAL;184
DESTINO LOJA;Convencional;184 - PARAGUACU PAULISTA;SEXTA-FEIRA;18;sábado;SEMANAL;184
DESTINO LOJA;Convencional;185 - TUPA;QUARTA-FEIRA;18;quinta-feira;SEMANAL;185
DESTINO LOJA;Convencional;185 - TUPA;SEXTA-FEIRA;18;sábado;SEMANAL;185
DESTINO LOJA;Convencional;187 - DRACENA;TERÇA-FEIRA;17;quarta-feira;SEMANAL;187
DESTINO LOJA;Convencional;187 - DRACENA;QUINTA-FEIRA;17;sexta-feira;SEMANAL;187
DESTINO LOJA;Convencional;187 - DRACENA;SÁBADO;13;segunda-feira;SEMANAL;187
DESTINO LOJA;Convencional;189 - PRESIDENTE EPITACIO;TERÇA-FEIRA;17;quarta-feira;SEMANAL;189
DESTINO LOJA;Convencional;189 - PRESIDENTE EPITACIO;QUINTA-FEIRA;17;sexta-feira;SEMANAL;189
DESTINO LOJA;Convencional;189 - PRESIDENTE EPITACIO;SÁBADO;13;segunda-feira;SEMANAL;189
DESTINO LOJA;Convencional;190 - PRESIDENTE VENCESLAU;TERÇA-FEIRA;17;quarta-feira;SEMANAL;190
DESTINO LOJA;Convencional;190 - PRESIDENTE VENCESLAU;QUINTA-FEIRA;17;sexta-feira;SEMANAL;190
DESTINO LOJA;Convencional;190 - PRESIDENTE VENCESLAU;SÁBADO;13;segunda-feira;SEMANAL;190
DESTINO LOJA;Convencional;191 - OSVALDO CRUZ;TERÇA-FEIRA;17;quarta-feira;SEMANAL;191
DESTINO LOJA;Convencional;191 - OSVALDO CRUZ;QUINTA-FEIRA;17;sexta-feira;SEMANAL;191
DESTINO LOJA;Convencional;191 - OSVALDO CRUZ;SÁBADO;13;segunda-feira;SEMANAL;191
DESTINO LOJA;Convencional;193 - ANDRADINA;TERÇA-FEIRA;10;quarta-feira;SEMANAL;193
DESTINO LOJA;Convencional;193 - ANDRADINA;QUINTA-FEIRA;14;sexta-feira;SEMANAL;193
DESTINO LOJA;Convencional;193 - ANDRADINA;SÁBADO;6;segunda-feira;SEMANAL;193
DESTINO LOJA;Convencional;198 - NOVA ANDRADINA;SEGUNDA-FEIRA;0;terça-feira;SEMANAL;198
DESTINO LOJA;Convencional;198 - NOVA ANDRADINA;QUARTA-FEIRA;0;quinta-feira;SEMANAL;198
DESTINO LOJA;Convencional;198 - NOVA ANDRADINA;SEXTA-FEIRA;0;sábado;SEMANAL;198
DESTINO LOJA;Convencional;206 - MARILIA;TERÇA-FEIRA;17;quarta-feira;SEMANAL;206
DESTINO LOJA;Convencional;206 - MARILIA;QUINTA-FEIRA;17;sexta-feira;SEMANAL;206
DESTINO LOJA;Convencional;271 - LONDRINA;SEXTA-FEIRA;0;sexta-feira;SEMANAL;271
DESTINO LOJA;Convencional;35 - ARACATUBA;SEGUNDA-FEIRA;13;terça-feira;SEMANAL;35
DESTINO LOJA;Convencional;35 - ARACATUBA;QUARTA-FEIRA;13;quinta-feira;SEMANAL;35
DESTINO LOJA;Convencional;35 - ARACATUBA;SEXTA-FEIRA;13;sábado;SEMANAL;35
DESTINO LOJA;Convencional;392 - NAVIRAI;TERÇA-FEIRA;6;quarta-feira;SEMANAL;392
DESTINO LOJA;Convencional;392 - NAVIRAI;QUINTA-FEIRA;6;sexta-feira;SEMANAL;392
DESTINO LOJA;Convencional;392 - NAVIRAI;SÁBADO;6;segunda-feira;SEMANAL;392
DESTINO LOJA;Convencional;478 - PONTA PORA;TERÇA-FEIRA;6;quinta-feira;SEMANAL;478
DESTINO LOJA;Convencional;478 - PONTA PORA;QUINTA-FEIRA;6;sábado;SEMANAL;478
DESTINO LOJA;Convencional;478 - PONTA PORA;SÁBADO;6;terça-feira;SEMANAL;478
DESTINO LOJA;Convencional;491 - ITARARE;SEGUNDA-FEIRA;15;terça-feira;SEMANAL;491
DESTINO LOJA;Convencional;491 - ITARARE;QUARTA-FEIRA;15;quinta-feira;SEMANAL;491
DESTINO LOJA;Convencional;52 - MARILIA;SEGUNDA-FEIRA;17;terça-feira;SEMANAL;52
DESTINO LOJA;Convencional;52 - MARILIA;QUARTA-FEIRA;17;quinta-feira;SEMANAL;52
DESTINO LOJA;Convencional;58 - PRESIDENTE PRUDENTE;SEGUNDA-FEIRA;0;segunda-feira;SEMANAL;58
DESTINO LOJA;Convencional;58 - PRESIDENTE PRUDENTE;QUINTA-FEIRA;20;sexta-feira;SEMANAL;58
DESTINO LOJA;Convencional;65 - PARANAVAI;SEGUNDA-FEIRA;20;terça-feira;SEMANAL;65
DESTINO LOJA;Convencional;65 - PARANAVAI;QUARTA-FEIRA;20;quinta-feira;SEMANAL;65
DESTINO LOJA;Convencional;65 - PARANAVAI;SÁBADO;13;segunda-feira;SEMANAL;65
DESTINO LOJA;Convencional;67 - MARINGA;QUARTA-FEIRA;0;quarta-feira;SEMANAL;67
DESTINO LOJA;Convencional;67 - MARINGA;SEXTA-FEIRA;0;sexta-feira;SEMANAL;67
DESTINO LOJA;Convencional;68 - CASCAVEL;SEGUNDA-FEIRA;13;terça-feira;SEMANAL;68
DESTINO LOJA;Convencional;68 - CASCAVEL;QUARTA-FEIRA;13;quinta-feira;SEMANAL;68
DESTINO LOJA;Convencional;68 - CASCAVEL;QUINTA-FEIRA;13;sexta-feira;SEMANAL;68
DESTINO LOJA;Convencional;69 - TOLEDO;SEGUNDA-FEIRA;12;terça-feira;SEMANAL;69
DESTINO LOJA;Convencional;69 - TOLEDO;QUARTA-FEIRA;12;quinta-feira;SEMANAL;69
DESTINO LOJA;Convencional;69 - TOLEDO;SEXTA-FEIRA;12;sábado;SEMANAL;69
DESTINO LOJA;Convencional;70 - APUCARANA;QUINTA-FEIRA;0;quinta-feira;SEMANAL;70
DESTINO LOJA;Convencional;70 - APUCARANA;SÁBADO;0;sábado;SEMANAL;70
DESTINO LOJA;Convencional;71 - CIANORTE;SEGUNDA-FEIRA;20;terça-feira;SEMANAL;71
DESTINO LOJA;Convencional;71 - CIANORTE;QUARTA-FEIRA;20;quinta-feira;SEMANAL;71
DESTINO LOJA;Convencional;71 - CIANORTE;SÁBADO;16;segunda-feira;SEMANAL;71
DESTINO LOJA;Convencional;72 - CORNELIO PROCOPIO;SEGUNDA-FEIRA;0;segunda-feira;SEMANAL;72
DESTINO LOJA;Convencional;72 - CORNELIO PROCOPIO;TERÇA-FEIRA;0;terça-feira;SEMANAL;72
DESTINO LOJA;Convencional;72 - CORNELIO PROCOPIO;SEXTA-FEIRA;0;sexta-feira;SEMANAL;72
DESTINO LOJA;Convencional;74 - LOANDA;QUARTA-FEIRA;18;quinta-feira;SEMANAL;74
DESTINO LOJA;Convencional;74 - LOANDA;SÁBADO;13;segunda-feira;SEMANAL;74
DESTINO LOJA;Convencional;76 - UMUARAMA;TERÇA-FEIRA;20;quarta-feira;SEMANAL;76
DESTINO LOJA;Convencional;76 - UMUARAMA;QUINTA-FEIRA;20;sexta-feira;SEMANAL;76
DESTINO LOJA;Convencional;76 - UMUARAMA;SÁBADO;13;segunda-feira;SEMANAL;76
DESTINO LOJA;Convencional;77 - PRIMAVERA (ROSANA);SEGUNDA-FEIRA;0;terça-feira;SEMANAL;77
DESTINO LOJA;Convencional;77 - PRIMAVERA (ROSANA);QUARTA-FEIRA;0;quinta-feira;SEMANAL;77
DESTINO LOJA;Convencional;77 - PRIMAVERA (ROSANA);SEXTA-FEIRA;0;sábado;SEMANAL;77
DESTINO LOJA;Convencional;78 - LONDRINA;TERÇA-FEIRA;0;terça-feira;SEMANAL;78
DESTINO LOJA;Convencional;78 - LONDRINA;SEXTA-FEIRA;0;sexta-feira;SEMANAL;78
DESTINO LOJA;Convencional;81 - DOURADOS;SEGUNDA-FEIRA;6;terça-feira;SEMANAL;81
DESTINO LOJA;Convencional;81 - DOURADOS;TERÇA-FEIRA;6;quarta-feira;SEMANAL;81
DESTINO LOJA;Convencional;81 - DOURADOS;QUINTA-FEIRA;6;sexta-feira;SEMANAL;81
DESTINO LOJA;Convencional;81 - DOURADOS;SEXTA-FEIRA;20;sábado;SEMANAL;81
DESTINO LOJA;Convencional;84 - CAMPO MOURAO;SEGUNDA-FEIRA;17;terça-feira;SEMANAL;84
DESTINO LOJA;Convencional;84 - CAMPO MOURAO;QUARTA-FEIRA;17;quinta-feira;SEMANAL;84
DESTINO LOJA;Convencional;84 - CAMPO MOURAO;SEXTA-FEIRA;17;sábado;SEMANAL;84
DESTINO LOJA;Convencional;85 - FOZ DO IGUACU;TERÇA-FEIRA;13;quarta-feira;SEMANAL;85
DESTINO LOJA;Convencional;85 - FOZ DO IGUACU;QUINTA-FEIRA;13;sexta-feira;SEMANAL;85
DESTINO LOJA;Convencional;85 - FOZ DO IGUACU;SÁBADO;13;segunda-feira;SEMANAL;85
DESTINO LOJA;Convencional;89 - OURINHOS;SEGUNDA-FEIRA;6;terça-feira;SEMANAL;89
DESTINO LOJA;Convencional;89 - OURINHOS;QUARTA-FEIRA;18;quinta-feira;SEMANAL;89
DESTINO LOJA;Convencional;911 - CASCAVEL;SEGUNDA-FEIRA;13;terça-feira;SEMANAL;911
DESTINO LOJA;Convencional;911 - CASCAVEL;QUARTA-FEIRA;13;quinta-feira;SEMANAL;911
DESTINO LOJA;Convencional;911 - CASCAVEL;QUINTA-FEIRA;13;sexta-feira;SEMANAL;911
DESTINO LOJA;Convencional;928 - ITAPEVA;SEGUNDA-FEIRA;15;terça-feira;SEMANAL;928
DESTINO LOJA;Convencional;928 - ITAPEVA;QUARTA-FEIRA;15;quinta-feira;SEMANAL;928
DESTINO LOJA;Convencional;932 - MARECHAL CANDIDO RONDON;SEGUNDA-FEIRA;12;terça-feira;SEMANAL;932
DESTINO LOJA;Convencional;932 - MARECHAL CANDIDO RONDON;QUARTA-FEIRA;12;quinta-feira;SEMANAL;932
DESTINO LOJA;Convencional;932 - MARECHAL CANDIDO RONDON;SEXTA-FEIRA;12;sábado;SEMANAL;932
DESTINO LOJA;Convencional;940 - MARINGA;QUARTA-FEIRA;0;quarta-feira;SEMANAL;940
DESTINO LOJA;Convencional;940 - MARINGA;SEXTA-FEIRA;0;sexta-feira;SEMANAL;940
DESTINO LOJA;Convencional;953 - PARANAVAI;SEGUNDA-FEIRA;20;terça-feira;SEMANAL;953
DESTINO LOJA;Convencional;953 - PARANAVAI;QUARTA-FEIRA;20;quinta-feira;SEMANAL;953
DESTINO LOJA;Convencional;953 - PARANAVAI;SÁBADO;13;segunda-feira;SEMANAL;953
DESTINO LOJA;Convencional;967 - SARANDI;TERÇA-FEIRA;0;terça-feira;SEMANAL;967
DESTINO LOJA;Convencional;967 - SARANDI;QUINTA-FEIRA;0;quinta-feira;SEMANAL;967
DESTINO LOJA;Shopping;120 - PRESIDENTE PRUDENTE;SEGUNDA-FEIRA;0;segunda-feira;SEMANAL;120
DESTINO LOJA;Shopping;120 - PRESIDENTE PRUDENTE;QUINTA-FEIRA;20;sexta-feira;SEMANAL;120
DESTINO LOJA;Shopping;298 - MARINGA;TERÇA-FEIRA;0;terça-feira;SEMANAL;298
DESTINO LOJA;Shopping;298 - MARINGA;QUINTA-FEIRA;0;quinta-feira;SEMANAL;298
DESTINO LOJA;Shopping;75 - LONDRINA;TERÇA-FEIRA;0;terça-feira;SEMANAL;75
DESTINO LOJA;Shopping;75 - LONDRINA;SEXTA-FEIRA;0;sexta-feira;SEMANAL;75
DESTINO LOJA;Shopping;975 - LONDRINA;TERÇA-FEIRA;0;terça-feira;SEMANAL;975
DESTINO LOJA;Shopping;975 - LONDRINA;SEXTA-FEIRA;0;sexta-feira;SEMANAL;975
DESTINO LOJA;Shopping;980 - LONDRINA;SEXTA-FEIRA;0;sexta-feira;SEMANAL;980
DESTINO LOJA;Virtual;1003 - PIRAJU;SEGUNDA-FEIRA;18;quarta-feira;SEMANAL;1003
DESTINO LOJA;Virtual;1003 - PIRAJU;QUARTA-FEIRA;18;sexta-feira;SEMANAL;1003
DESTINO LOJA;Virtual;1003 - PIRAJU;SEXTA-FEIRA;18;segunda-feira;SEMANAL;1003
DESTINO LOJA;Virtual;1021 - TEODORO SAMPAIO;SEGUNDA-FEIRA;0;quarta-feira;SEMANAL;1021
DESTINO LOJA;Virtual;1021 - TEODORO SAMPAIO;QUARTA-FEIRA;0;sexta-feira;SEMANAL;1021
DESTINO LOJA;Virtual;1021 - TEODORO SAMPAIO;SEXTA-FEIRA;0;segunda-feira;SEMANAL;1021
DESTINO LOJA;Virtual;1023 - UBIRATA;SEGUNDA-FEIRA;13;terça-feira;SEMANAL;1023
DESTINO LOJA;Virtual;1023 - UBIRATA;QUARTA-FEIRA;13;quinta-feira;SEMANAL;1023
DESTINO LOJA;Virtual;1023 - UBIRATA;QUINTA-FEIRA;13;sexta-feira;SEMANAL;1023
DESTINO LOJA;Virtual;1024 - JAGUARIAIVA;QUARTA-FEIRA;15;sexta-feira;SEMANAL;1024
DESTINO LOJA;Virtual;1024 - JAGUARIAIVA;SEXTA-FEIRA;15;segunda-feira;SEMANAL;1024
DESTINO LOJA;Virtual;1031 - MARTINOPOLIS;SEGUNDA-FEIRA;20;quarta-feira;SEMANAL;1031
DESTINO LOJA;Virtual;1031 - MARTINOPOLIS;QUARTA-FEIRA;20;sexta-feira;SEMANAL;1031
DESTINO LOJA;Virtual;1031 - MARTINOPOLIS;SEXTA-FEIRA;20;segunda-feira;SEMANAL;1031
DESTINO LOJA;Virtual;1096 - ALTONIA;TERÇA-FEIRA;20;quinta-feira;SEMANAL;1096
DESTINO LOJA;Virtual;1096 - ALTONIA;QUINTA-FEIRA;20;sábado;SEMANAL;1096
DESTINO LOJA;Virtual;1096 - ALTONIA;SÁBADO;13;terça-feira;SEMANAL;1096
DESTINO LOJA;Virtual;1176 - VALPARAISO;SEGUNDA-FEIRA;17;terça-feira;SEMANAL;1176
DESTINO LOJA;Virtual;1176 - VALPARAISO;QUARTA-FEIRA;17;quinta-feira;SEMANAL;1176
DESTINO LOJA;Virtual;1176 - VALPARAISO;SEXTA-FEIRA;17;sábado;SEMANAL;1176
DESTINO LOJA;Virtual;150 - GARCA;TERÇA-FEIRA;17;quarta-feira;SEMANAL;150
DESTINO LOJA;Virtual;150 - GARCA;QUINTA-FEIRA;17;sexta-feira;SEMANAL;150
DESTINO LOJA;Virtual;150 - GARCA;SEXTA-FEIRA;17;sábado;SEMANAL;150
DESTINO LOJA;Virtual;1513 - SANTO ANASTACIO;SEGUNDA-FEIRA;0;terça-feira;SEMANAL;1513
DESTINO LOJA;Virtual;1513 - SANTO ANASTACIO;TERÇA-FEIRA;20;quinta-feira;SEMANAL;1513
DESTINO LOJA;Virtual;1513 - SANTO ANASTACIO;QUINTA-FEIRA;20;sábado;SEMANAL;1513
DESTINO LOJA;Virtual;1540 - TAQUARITUBA;SEGUNDA-FEIRA;18;quarta-feira;SEMANAL;1540
DESTINO LOJA;Virtual;1540 - TAQUARITUBA;QUARTA-FEIRA;18;sexta-feira;SEMANAL;1540
DESTINO LOJA;Virtual;1540 - TAQUARITUBA;SEXTA-FEIRA;18;segunda-feira;SEMANAL;1540
DESTINO LOJA;Virtual;1549 - PALMITAL;TERÇA-FEIRA;18;quinta-feira;SEMANAL;1549
DESTINO LOJA;Virtual;1549 - PALMITAL;QUINTA-FEIRA;18;sábado;SEMANAL;1549
DESTINO LOJA;Virtual;1549 - PALMITAL;SÁBADO;16;terça-feira;SEMANAL;1549
DESTINO LOJA;Virtual;1561 - ALVARES MACHADO;SEGUNDA-FEIRA;0;terça-feira;SEMANAL;1561
DESTINO LOJA;Virtual;1561 - ALVARES MACHADO;TERÇA-FEIRA;20;quinta-feira;SEMANAL;1561
DESTINO LOJA;Virtual;1561 - ALVARES MACHADO;QUINTA-FEIRA;20;sábado;SEMANAL;1561
DESTINO LOJA;Virtual;183 - IBIPORA;SEGUNDA-FEIRA;0;segunda-feira;SEMANAL;183
DESTINO LOJA;Virtual;183 - IBIPORA;TERÇA-FEIRA;0;terça-feira;SEMANAL;183
DESTINO LOJA;Virtual;183 - IBIPORA;QUINTA-FEIRA;0;quinta-feira;SEMANAL;183
DESTINO LOJA;Virtual;1833 - SIQUEIRA CAMPOS;TERÇA-FEIRA;20;quinta-feira;SEMANAL;1833
DESTINO LOJA;Virtual;1833 - SIQUEIRA CAMPOS;QUINTA-FEIRA;20;sábado;SEMANAL;1833
DESTINO LOJA;Virtual;1833 - SIQUEIRA CAMPOS;SÁBADO;16;terça-feira;SEMANAL;1833
DESTINO LOJA;Virtual;1845 - TERRA ROXA;SEGUNDA-FEIRA;9;quarta-feira;SEMANAL;1845
DESTINO LOJA;Virtual;1845 - TERRA ROXA;QUARTA-FEIRA;9;sexta-feira;SEMANAL;1845
DESTINO LOJA;Virtual;1845 - TERRA ROXA;SEXTA-FEIRA;0;segunda-feira;SEMANAL;1845
DESTINO LOJA;Virtual;1848 - CAMBE;TERÇA-FEIRA;0;terça-feira;SEMANAL;1848
DESTINO LOJA;Virtual;1848 - CAMBE;QUINTA-FEIRA;0;quinta-feira;SEMANAL;1848
DESTINO LOJA;Virtual;1848 - CAMBE;SÁBADO;0;sábado;SEMANAL;1848
DESTINO LOJA;Virtual;266 - PEREIRA BARRETO;TERÇA-FEIRA;10;quinta-feira;SEMANAL;266
DESTINO LOJA;Virtual;266 - PEREIRA BARRETO;QUINTA-FEIRA;14;sábado;SEMANAL;266
DESTINO LOJA;Virtual;266 - PEREIRA BARRETO;SÁBADO;6;terça-feira;SEMANAL;266
DESTINO LOJA;Virtual;602 - GUARARAPES;SEGUNDA-FEIRA;17;terça-feira;SEMANAL;602
DESTINO LOJA;Virtual;602 - GUARARAPES;QUARTA-FEIRA;17;quinta-feira;SEMANAL;602
DESTINO LOJA;Virtual;602 - GUARARAPES;SEXTA-FEIRA;17;sábado;SEMANAL;602
DESTINO LOJA;Virtual;603 - RANCHARIA;QUARTA-FEIRA;18;sexta-feira;SEMANAL;603
DESTINO LOJA;Virtual;603 - RANCHARIA;SEXTA-FEIRA;18;segunda-feira;SEMANAL;603
DESTINO LOJA;Virtual;604 - POMPEIA;SEGUNDA-FEIRA;17;terça-feira;SEMANAL;604
DESTINO LOJA;Virtual;604 - POMPEIA;QUARTA-FEIRA;17;quinta-feira;SEMANAL;604
DESTINO LOJA;Virtual;604 - POMPEIA;SEXTA-FEIRA;17;sábado;SEMANAL;604
DESTINO LOJA;Virtual;606 - BASTOS;QUARTA-FEIRA;18;sexta-feira;SEMANAL;606
DESTINO LOJA;Virtual;606 - BASTOS;SEXTA-FEIRA;18;segunda-feira;SEMANAL;606
DESTINO LOJA;Virtual;607 - ILHA SOLTEIRA;SEGUNDA-FEIRA;17;quarta-feira;SEMANAL;607
DESTINO LOJA;Virtual;607 - ILHA SOLTEIRA;QUARTA-FEIRA;17;sexta-feira;SEMANAL;607
DESTINO LOJA;Virtual;607 - ILHA SOLTEIRA;SEXTA-FEIRA;17;segunda-feira;SEMANAL;607
DESTINO LOJA;Virtual;608 - APARECIDA DO TABOADO;TERÇA-FEIRA;6;quinta-feira;SEMANAL;608
DESTINO LOJA;Virtual;608 - APARECIDA DO TABOADO;QUINTA-FEIRA;6;sábado;SEMANAL;608
DESTINO LOJA;Virtual;608 - APARECIDA DO TABOADO;SÁBADO;0;segunda-feira;SEMANAL;608
DESTINO LOJA;Virtual;610 - LUCELIA;TERÇA-FEIRA;17;quinta-feira;SEMANAL;610
DESTINO LOJA;Virtual;610 - LUCELIA;QUINTA-FEIRA;17;sábado;SEMANAL;610
DESTINO LOJA;Virtual;610 - LUCELIA;SÁBADO;13;terça-feira;SEMANAL;610
DESTINO LOJA;Virtual;612 - REGENTE FEIJO;SEGUNDA-FEIRA;0;terça-feira;SEMANAL;612
DESTINO LOJA;Virtual;612 - REGENTE FEIJO;TERÇA-FEIRA;20;quinta-feira;SEMANAL;612
DESTINO LOJA;Virtual;612 - REGENTE FEIJO;QUINTA-FEIRA;20;sábado;SEMANAL;612
DESTINO LOJA;Virtual;613 - MIRANDOPOLIS;SEGUNDA-FEIRA;17;terça-feira;SEMANAL;613
DESTINO LOJA;Virtual;613 - MIRANDOPOLIS;QUARTA-FEIRA;17;quinta-feira;SEMANAL;613
DESTINO LOJA;Virtual;613 - MIRANDOPOLIS;SEXTA-FEIRA;17;sábado;SEMANAL;613
DESTINO LOJA;Virtual;615 - ADAMANTINA;TERÇA-FEIRA;17;quinta-feira;SEMANAL;615
DESTINO LOJA;Virtual;615 - ADAMANTINA;QUINTA-FEIRA;17;sábado;SEMANAL;615
DESTINO LOJA;Virtual;615 - ADAMANTINA;SÁBADO;13;terça-feira;SEMANAL;615
DESTINO LOJA;Virtual;638 - PIRAPOZINHO;SEGUNDA-FEIRA;20;quarta-feira;SEMANAL;638
DESTINO LOJA;Virtual;638 - PIRAPOZINHO;QUARTA-FEIRA;20;sexta-feira;SEMANAL;638
DESTINO LOJA;Virtual;638 - PIRAPOZINHO;SEXTA-FEIRA;20;segunda-feira;SEMANAL;638
DESTINO LOJA;Virtual;643 - ASTORGA;SEGUNDA-FEIRA;0;segunda-feira;SEMANAL;643
DESTINO LOJA;Virtual;643 - ASTORGA;QUINTA-FEIRA;0;quinta-feira;SEMANAL;643
DESTINO LOJA;Virtual;664 - CANDIDO MOTA;TERÇA-FEIRA;18;quarta-feira;SEMANAL;664
DESTINO LOJA;Virtual;664 - CANDIDO MOTA;QUINTA-FEIRA;18;sexta-feira;SEMANAL;664
DESTINO LOJA;Virtual;664 - CANDIDO MOTA;SÁBADO;16;segunda-feira;SEMANAL;664
DESTINO LOJA;Virtual;666 - SANTA TEREZINHA DE ITAIPU;TERÇA-FEIRA;13;quinta-feira;SEMANAL;666
DESTINO LOJA;Virtual;666 - SANTA TEREZINHA DE ITAIPU;QUINTA-FEIRA;13;sábado;SEMANAL;666
DESTINO LOJA;Virtual;666 - SANTA TEREZINHA DE ITAIPU;SÁBADO;13;terça-feira;SEMANAL;666
DESTINO LOJA;Virtual;667 - SAO MIGUEL DO IGUACU;TERÇA-FEIRA;10;quinta-feira;SEMANAL;667
DESTINO LOJA;Virtual;667 - SAO MIGUEL DO IGUACU;QUINTA-FEIRA;10;sábado;SEMANAL;667
DESTINO LOJA;Virtual;667 - SAO MIGUEL DO IGUACU;SÁBADO;13;terça-feira;SEMANAL;667
DESTINO LOJA;Virtual;668 - ARAPOTI;QUARTA-FEIRA;15;sexta-feira;SEMANAL;668
DESTINO LOJA;Virtual;668 - ARAPOTI;SEXTA-FEIRA;15;segunda-feira;SEMANAL;668
DESTINO LOJA;Virtual;670 - GOIOERE;SEGUNDA-FEIRA;17;quarta-feira;SEMANAL;670
DESTINO LOJA;Virtual;670 - GOIOERE;QUARTA-FEIRA;17;sexta-feira;SEMANAL;670
DESTINO LOJA;Virtual;670 - GOIOERE;SEXTA-FEIRA;17;segunda-feira;SEMANAL;670
DESTINO LOJA;Virtual;673 - GUAIRA;SEGUNDA-FEIRA;9;quarta-feira;SEMANAL;673
DESTINO LOJA;Virtual;673 - GUAIRA;QUARTA-FEIRA;9;sexta-feira;SEMANAL;673
DESTINO LOJA;Virtual;673 - GUAIRA;SEXTA-FEIRA;9;segunda-feira;SEMANAL;673
DESTINO LOJA;Virtual;674 - SANTA HELENA;SEGUNDA-FEIRA;12;quarta-feira;SEMANAL;674
DESTINO LOJA;Virtual;674 - SANTA HELENA;QUARTA-FEIRA;12;sexta-feira;SEMANAL;674
DESTINO LOJA;Virtual;674 - SANTA HELENA;SEXTA-FEIRA;12;segunda-feira;SEMANAL;674
DESTINO LOJA;Virtual;675 - PALOTINA;SEGUNDA-FEIRA;9;terça-feira;SEMANAL;675
DESTINO LOJA;Virtual;675 - PALOTINA;QUARTA-FEIRA;9;quinta-feira;SEMANAL;675
DESTINO LOJA;Virtual;675 - PALOTINA;SEXTA-FEIRA;9;sábado;SEMANAL;675
DESTINO LOJA;Virtual;676 - NOVA ESPERANCA;SEGUNDA-FEIRA;0;terça-feira;SEMANAL;676
DESTINO LOJA;Virtual;676 - NOVA ESPERANCA;QUARTA-FEIRA;0;quinta-feira;SEMANAL;676
DESTINO LOJA;Virtual;676 - NOVA ESPERANCA;SEXTA-FEIRA;0;sábado;SEMANAL;676
DESTINO LOJA;Virtual;677 - MANDAGUACU;SEGUNDA-FEIRA;0;terça-feira;SEMANAL;677
DESTINO LOJA;Virtual;677 - MANDAGUACU;QUARTA-FEIRA;0;quinta-feira;SEMANAL;677
DESTINO LOJA;Virtual;677 - MANDAGUACU;SEXTA-FEIRA;0;sábado;SEMANAL;677
DESTINO LOJA;Virtual;678 - MARIALVA;SEGUNDA-FEIRA;0;segunda-feira;SEMANAL;678
DESTINO LOJA;Virtual;678 - MARIALVA;QUARTA-FEIRA;0;quarta-feira;SEMANAL;678
DESTINO LOJA;Virtual;678 - MARIALVA;SEXTA-FEIRA;0;sexta-feira;SEMANAL;678
DESTINO LOJA;Virtual;679 - JANDAIA DO SUL;SEGUNDA-FEIRA;0;segunda-feira;SEMANAL;679
DESTINO LOJA;Virtual;679 - JANDAIA DO SUL;QUARTA-FEIRA;0;quarta-feira;SEMANAL;679
DESTINO LOJA;Virtual;679 - JANDAIA DO SUL;SEXTA-FEIRA;0;sexta-feira;SEMANAL;679
DESTINO LOJA;Virtual;680 - MATELANDIA;TERÇA-FEIRA;10;quarta-feira;SEMANAL;680
DESTINO LOJA;Virtual;680 - MATELANDIA;QUINTA-FEIRA;10;sexta-feira;SEMANAL;680
DESTINO LOJA;Virtual;680 - MATELANDIA;SÁBADO;13;segunda-feira;SEMANAL;680
DESTINO LOJA;Virtual;683 - MEDIANEIRA;TERÇA-FEIRA;10;quarta-feira;SEMANAL;683
DESTINO LOJA;Virtual;683 - MEDIANEIRA;QUINTA-FEIRA;10;sexta-feira;SEMANAL;683
DESTINO LOJA;Virtual;683 - MEDIANEIRA;SÁBADO;13;segunda-feira;SEMANAL;683
DESTINO LOJA;Virtual;684 - NOVA LONDRINA;QUARTA-FEIRA;18;sexta-feira;SEMANAL;684
DESTINO LOJA;Virtual;684 - NOVA LONDRINA;SÁBADO;13;terça-feira;SEMANAL;684
DESTINO LOJA;Virtual;687 - BANDEIRANTES;SEGUNDA-FEIRA;0;terça-feira;SEMANAL;687
DESTINO LOJA;Virtual;687 - BANDEIRANTES;TERÇA-FEIRA;0;quarta-feira;SEMANAL;687
DESTINO LOJA;Virtual;687 - BANDEIRANTES;SEXTA-FEIRA;0;sábado;SEMANAL;687
DESTINO LOJA;Virtual;692 - ASSIS CHATEAUBRIAND;SEGUNDA-FEIRA;9;quarta-feira;SEMANAL;692
DESTINO LOJA;Virtual;692 - ASSIS CHATEAUBRIAND;QUARTA-FEIRA;9;sexta-feira;SEMANAL;692
DESTINO LOJA;Virtual;692 - ASSIS CHATEAUBRIAND;SEXTA-FEIRA;9;segunda-feira;SEMANAL;692
DESTINO LOJA;Virtual;693 - MANDAGUARI;SEGUNDA-FEIRA;0;segunda-feira;SEMANAL;693
DESTINO LOJA;Virtual;693 - MANDAGUARI;QUARTA-FEIRA;0;quarta-feira;SEMANAL;693
DESTINO LOJA;Virtual;693 - MANDAGUARI;SEXTA-FEIRA;0;sexta-feira;SEMANAL;693
DESTINO LOJA;Virtual;694 - PAICANDU;SEGUNDA-FEIRA;0;segunda-feira;SEMANAL;694
DESTINO LOJA;Virtual;694 - PAICANDU;QUARTA-FEIRA;0;quarta-feira;SEMANAL;694
DESTINO LOJA;Virtual;694 - PAICANDU;SEXTA-FEIRA;0;sexta-feira;SEMANAL;694
DESTINO LOJA;Virtual;696 - IBAITI;TERÇA-FEIRA;20;quinta-feira;SEMANAL;696
DESTINO LOJA;Virtual;696 - IBAITI;QUINTA-FEIRA;20;sábado;SEMANAL;696
DESTINO LOJA;Virtual;696 - IBAITI;SÁBADO;16;terça-feira;SEMANAL;696
DESTINO LOJA;Virtual;698 - COLORADO;SEGUNDA-FEIRA;0;segunda-feira;SEMANAL;698
DESTINO LOJA;Virtual;698 - COLORADO;QUINTA-FEIRA;0;quinta-feira;SEMANAL;698
DESTINO LOJA;Virtual;961 - ROLANDIA;SEGUNDA-FEIRA;0;segunda-feira;SEMANAL;961
DESTINO LOJA;Virtual;961 - ROLANDIA;QUINTA-FEIRA;0;quinta-feira;SEMANAL;961
RODO;LOCAL;094-ADAMANTINA;TERÇA-FEIRA;17;quinta-feira;SEMANAL;094-ADAMANTINA LOCAL
RODO;LOCAL;094-ADAMANTINA;QUINTA-FEIRA;17;sábado;SEMANAL;094-ADAMANTINA LOCAL
RODO;LOCAL;094-ADAMANTINA;SÁBADO;13;terça-feira;SEMANAL;094-ADAMANTINA LOCAL
RODO;LOCAL;094-AP DO TABOADO;TERÇA-FEIRA;6;quinta-feira;SEMANAL;094-AP DO TABOADO LOCAL
RODO;LOCAL;094-AP DO TABOADO;QUINTA-FEIRA;6;sábado;SEMANAL;094-AP DO TABOADO LOCAL
RODO;LOCAL;094-AP DO TABOADO;SÁBADO;0;terça-feira;SEMANAL;094-AP DO TABOADO LOCAL
RODO;LOCAL;094-ILHA SOLTEIRA;SEGUNDA-FEIRA;17;quarta-feira;SEMANAL;094-ILHA SOLTEIRA LOCAL
RODO;LOCAL;094-ILHA SOLTEIRA;QUARTA-FEIRA;17;sexta-feira;SEMANAL;094-ILHA SOLTEIRA LOCAL
RODO;LOCAL;094-ILHA SOLTEIRA;SEXTA-FEIRA;17;segunda-feira;SEMANAL;094-ILHA SOLTEIRA LOCAL
RODO;LOCAL;094-LUCELIA;TERÇA-FEIRA;17;quinta-feira;SEMANAL;094-LUCELIA LOCAL
RODO;LOCAL;094-LUCELIA;QUINTA-FEIRA;17;sábado;SEMANAL;094-LUCELIA LOCAL
RODO;LOCAL;094-LUCELIA;SÁBADO;13;terça-feira;SEMANAL;094-LUCELIA LOCAL
RODO;LOCAL;094-MARECHAL CANDIDO RONDON;SEGUNDA-FEIRA;12;quarta-feira;SEMANAL;094-MARECHAL CANDIDO RONDON LOCAL
RODO;LOCAL;094-MARECHAL CANDIDO RONDON;QUARTA-FEIRA;12;sexta-feira;SEMANAL;094-MARECHAL CANDIDO RONDON LOCAL
RODO;LOCAL;094-MARECHAL CANDIDO RONDON;SEXTA-FEIRA;12;segunda-feira;SEMANAL;094-MARECHAL CANDIDO RONDON LOCAL
RODO;LOCAL;094-PEREIRA BARRETO A;TERÇA-FEIRA;10;quinta-feira;SEMANAL;094-PEREIRA BARRETO A LOCAL
RODO;LOCAL;094-PEREIRA BARRETO A;QUINTA-FEIRA;14;sábado;SEMANAL;094-PEREIRA BARRETO A LOCAL
RODO;LOCAL;094-PEREIRA BARRETO A;SÁBADO;6;terça-feira;SEMANAL;094-PEREIRA BARRETO A LOCAL
RODO;LOCAL;094-PEREIRA BARRETO B;TERÇA-FEIRA;10;quinta-feira;SEMANAL;094-PEREIRA BARRETO B LOCAL
RODO;LOCAL;094-PEREIRA BARRETO B;QUINTA-FEIRA;14;sábado;SEMANAL;094-PEREIRA BARRETO B LOCAL
RODO;LOCAL;094-PEREIRA BARRETO B;SÁBADO;6;terça-feira;SEMANAL;094-PEREIRA BARRETO B LOCAL
RODO;LOCAL;094-PEREIRA BARRETO C;TERÇA-FEIRA;10;quinta-feira;SEMANAL;094-PEREIRA BARRETO C LOCAL
RODO;LOCAL;094-PEREIRA BARRETO C;QUINTA-FEIRA;14;sábado;SEMANAL;094-PEREIRA BARRETO C LOCAL
RODO;LOCAL;094-PEREIRA BARRETO C;SÁBADO;6;terça-feira;SEMANAL;094-PEREIRA BARRETO C LOCAL
RODO;LOCAL;094-PEREIRA BARRETO D;TERÇA-FEIRA;10;quinta-feira;SEMANAL;094-PEREIRA BARRETO D LOCAL
RODO;LOCAL;094-PEREIRA BARRETO D;QUINTA-FEIRA;14;sábado;SEMANAL;094-PEREIRA BARRETO D LOCAL
RODO;LOCAL;094-PEREIRA BARRETO D;SÁBADO;6;terça-feira;SEMANAL;094-PEREIRA BARRETO D LOCAL
RODO;LOCAL;094-PEREIRA BARRETO E;TERÇA-FEIRA;10;quinta-feira;SEMANAL;094-PEREIRA BARRETO E LOCAL
RODO;LOCAL;094-PEREIRA BARRETO E;QUINTA-FEIRA;14;sábado;SEMANAL;094-PEREIRA BARRETO E LOCAL
RODO;LOCAL;094-PEREIRA BARRETO E;SÁBADO;6;terça-feira;SEMANAL;094-PEREIRA BARRETO E LOCAL
RODO;LOCAL;094-RANCHARIA;SEGUNDA-FEIRA;18;quarta-feira;SEMANAL;094-RANCHARIA LOCAL
RODO;LOCAL;094-RANCHARIA;QUARTA-FEIRA;18;sexta-feira;SEMANAL;094-RANCHARIA LOCAL
RODO;LOCAL;094-RANCHARIA;SEXTA-FEIRA;18;segunda-feira;SEMANAL;094-RANCHARIA LOCAL
RODO;LOCAL - D2;094-MARILIA A;SEGUNDA-FEIRA;17;terça-feira;SEMANAL;094-MARILIA A LOCAL - D2
RODO;LOCAL - D2;094-MARILIA A;TERÇA-FEIRA;17;quarta-feira;SEMANAL;094-MARILIA A LOCAL - D2
RODO;LOCAL - D2;094-MARILIA A;QUARTA-FEIRA;17;quinta-feira;SEMANAL;094-MARILIA A LOCAL - D2
RODO;LOCAL - D2;094-MARILIA A;QUINTA-FEIRA;17;sexta-feira;SEMANAL;094-MARILIA A LOCAL - D2
RODO;LOCAL - D2;094-MARILIA A;SEXTA-FEIRA;17;sábado;SEMANAL;094-MARILIA A LOCAL - D2
RODO;LOCAL - D2;094-MARILIA B;SEGUNDA-FEIRA;17;terça-feira;SEMANAL;094-MARILIA B LOCAL - D2
RODO;LOCAL - D2;094-MARILIA B;TERÇA-FEIRA;17;quarta-feira;SEMANAL;094-MARILIA B LOCAL - D2
RODO;LOCAL - D2;094-MARILIA B;QUARTA-FEIRA;17;quinta-feira;SEMANAL;094-MARILIA B LOCAL - D2
RODO;LOCAL - D2;094-MARILIA B;QUINTA-FEIRA;17;sexta-feira;SEMANAL;094-MARILIA B LOCAL - D2
RODO;LOCAL - D2;094-MARILIA B;SEXTA-FEIRA;17;sábado;SEMANAL;094-MARILIA B LOCAL - D2
RODO;LOCAL - D2;094-MARILIA C;SEGUNDA-FEIRA;17;terça-feira;SEMANAL;094-MARILIA C LOCAL - D2
RODO;LOCAL - D2;094-MARILIA C;TERÇA-FEIRA;17;quarta-feira;SEMANAL;094-MARILIA C LOCAL - D2
RODO;LOCAL - D2;094-MARILIA C;QUARTA-FEIRA;17;quinta-feira;SEMANAL;094-MARILIA C LOCAL - D2
RODO;LOCAL - D2;094-MARILIA C;QUINTA-FEIRA;17;sexta-feira;SEMANAL;094-MARILIA C LOCAL - D2
RODO;LOCAL - D2;094-MARILIA C;SEXTA-FEIRA;17;sábado;SEMANAL;094-MARILIA C LOCAL - D2
RODO;LOCAL - D2;094-MARILIA D;SEGUNDA-FEIRA;17;terça-feira;SEMANAL;094-MARILIA D LOCAL - D2
RODO;LOCAL - D2;094-MARILIA D;TERÇA-FEIRA;17;quarta-feira;SEMANAL;094-MARILIA D LOCAL - D2
RODO;LOCAL - D2;094-MARILIA D;QUARTA-FEIRA;17;quinta-feira;SEMANAL;094-MARILIA D LOCAL - D2
RODO;LOCAL - D2;094-MARILIA D;QUINTA-FEIRA;17;sexta-feira;SEMANAL;094-MARILIA D LOCAL - D2
RODO;LOCAL - D2;094-MARILIA D;SEXTA-FEIRA;17;sábado;SEMANAL;094-MARILIA D LOCAL - D2
RODO;LOCAL - D2;094-MARILIA E;SEGUNDA-FEIRA;17;terça-feira;SEMANAL;094-MARILIA E LOCAL - D2
RODO;LOCAL - D2;094-MARILIA E;TERÇA-FEIRA;17;quarta-feira;SEMANAL;094-MARILIA E LOCAL - D2
RODO;LOCAL - D2;094-MARILIA E;QUARTA-FEIRA;17;quinta-feira;SEMANAL;094-MARILIA E LOCAL - D2
RODO;LOCAL - D2;094-MARILIA E;QUINTA-FEIRA;17;sexta-feira;SEMANAL;094-MARILIA E LOCAL - D2
RODO;LOCAL - D2;094-MARILIA E;SEXTA-FEIRA;17;sábado;SEMANAL;094-MARILIA E LOCAL - D2
RODO;LOCAL - D2;094-MARILIA F;SEGUNDA-FEIRA;17;terça-feira;SEMANAL;094-MARILIA F LOCAL - D2
RODO;LOCAL - D2;094-MARILIA F;TERÇA-FEIRA;17;quarta-feira;SEMANAL;094-MARILIA F LOCAL - D2
RODO;LOCAL - D2;094-MARILIA F;QUARTA-FEIRA;17;quinta-feira;SEMANAL;094-MARILIA F LOCAL - D2
RODO;LOCAL - D2;094-MARILIA F;QUINTA-FEIRA;17;sexta-feira;SEMANAL;094-MARILIA F LOCAL - D2
RODO;LOCAL - D2;094-MARILIA F;SEXTA-FEIRA;17;sábado;SEMANAL;094-MARILIA F LOCAL - D2
RODO;LOCAL - D2;094-MARILIA G;SEGUNDA-FEIRA;17;terça-feira;SEMANAL;094-MARILIA G LOCAL - D2
RODO;LOCAL - D2;094-MARILIA G;TERÇA-FEIRA;17;quarta-feira;SEMANAL;094-MARILIA G LOCAL - D2
RODO;LOCAL - D2;094-MARILIA G;QUARTA-FEIRA;17;quinta-feira;SEMANAL;094-MARILIA G LOCAL - D2
RODO;LOCAL - D2;094-MARILIA G;QUINTA-FEIRA;17;sexta-feira;SEMANAL;094-MARILIA G LOCAL - D2
RODO;LOCAL - D2;094-MARILIA G;SEXTA-FEIRA;17;sábado;SEMANAL;094-MARILIA G LOCAL - D2
RODO;LOCAL - D2;094-MARILIA H;SEGUNDA-FEIRA;17;terça-feira;SEMANAL;094-MARILIA H LOCAL - D2
RODO;LOCAL - D2;094-MARILIA H;TERÇA-FEIRA;17;quarta-feira;SEMANAL;094-MARILIA H LOCAL - D2
RODO;LOCAL - D2;094-MARILIA H;QUARTA-FEIRA;17;quinta-feira;SEMANAL;094-MARILIA H LOCAL - D2
RODO;LOCAL - D2;094-MARILIA H;QUINTA-FEIRA;17;sexta-feira;SEMANAL;094-MARILIA H LOCAL - D2
RODO;LOCAL - D2;094-MARILIA H;SEXTA-FEIRA;17;sábado;SEMANAL;094-MARILIA H LOCAL - D2
RODO;LOCAL - D2;094-MARILIA I;SEGUNDA-FEIRA;17;terça-feira;SEMANAL;094-MARILIA I LOCAL - D2
RODO;LOCAL - D2;094-MARILIA I;TERÇA-FEIRA;17;quarta-feira;SEMANAL;094-MARILIA I LOCAL - D2
RODO;LOCAL - D2;094-MARILIA I;QUARTA-FEIRA;17;quinta-feira;SEMANAL;094-MARILIA I LOCAL - D2
RODO;LOCAL - D2;094-MARILIA I;QUINTA-FEIRA;17;sexta-feira;SEMANAL;094-MARILIA I LOCAL - D2
RODO;LOCAL - D2;094-MARILIA I;SEXTA-FEIRA;17;sábado;SEMANAL;094-MARILIA I LOCAL - D2
RODO;LOCAL - D2;094-MARILIA J;SEGUNDA-FEIRA;17;terça-feira;SEMANAL;094-MARILIA J LOCAL - D2
RODO;LOCAL - D2;094-MARILIA J;TERÇA-FEIRA;17;quarta-feira;SEMANAL;094-MARILIA J LOCAL - D2
RODO;LOCAL - D2;094-MARILIA J;QUARTA-FEIRA;17;quinta-feira;SEMANAL;094-MARILIA J LOCAL - D2
RODO;LOCAL - D2;094-MARILIA J;QUINTA-FEIRA;17;sexta-feira;SEMANAL;094-MARILIA J LOCAL - D2
RODO;LOCAL - D2;094-MARILIA J;SEXTA-FEIRA;17;sábado;SEMANAL;094-MARILIA J LOCAL - D2
RODO;LOCAL - D2;094-MARILIA K;SEGUNDA-FEIRA;17;terça-feira;SEMANAL;094-MARILIA K LOCAL - D2
RODO;LOCAL - D2;094-MARILIA K;TERÇA-FEIRA;17;quarta-feira;SEMANAL;094-MARILIA K LOCAL - D2
RODO;LOCAL - D2;094-MARILIA K;QUARTA-FEIRA;17;quinta-feira;SEMANAL;094-MARILIA K LOCAL - D2
RODO;LOCAL - D2;094-MARILIA K;QUINTA-FEIRA;17;sexta-feira;SEMANAL;094-MARILIA K LOCAL - D2
RODO;LOCAL - D2;094-MARILIA K;SEXTA-FEIRA;17;sábado;SEMANAL;094-MARILIA K LOCAL - D2
RODO;LOCAL - D2;094-MARILIA L;SEGUNDA-FEIRA;17;terça-feira;SEMANAL;094-MARILIA L LOCAL - D2
RODO;LOCAL - D2;094-MARILIA L;TERÇA-FEIRA;17;quarta-feira;SEMANAL;094-MARILIA L LOCAL - D2
RODO;LOCAL - D2;094-MARILIA L;QUARTA-FEIRA;17;quinta-feira;SEMANAL;094-MARILIA L LOCAL - D2
RODO;LOCAL - D2;094-MARILIA L;QUINTA-FEIRA;17;sexta-feira;SEMANAL;094-MARILIA L LOCAL - D2
RODO;LOCAL - D2;094-MARILIA L;SEXTA-FEIRA;17;sábado;SEMANAL;094-MARILIA L LOCAL - D2
RODO;LOCAL - D2;094-MARILIA M;SEGUNDA-FEIRA;17;terça-feira;SEMANAL;094-MARILIA M LOCAL - D2
RODO;LOCAL - D2;094-MARILIA M;TERÇA-FEIRA;17;quarta-feira;SEMANAL;094-MARILIA M LOCAL - D2
RODO;LOCAL - D2;094-MARILIA M;QUARTA-FEIRA;17;quinta-feira;SEMANAL;094-MARILIA M LOCAL - D2
RODO;LOCAL - D2;094-MARILIA M;QUINTA-FEIRA;17;sexta-feira;SEMANAL;094-MARILIA M LOCAL - D2
RODO;LOCAL - D2;094-MARILIA M;SEXTA-FEIRA;17;sábado;SEMANAL;094-MARILIA M LOCAL - D2
RODO;LOCAL - D2;094-MARILIA N;SEGUNDA-FEIRA;17;terça-feira;SEMANAL;094-MARILIA N LOCAL - D2
RODO;LOCAL - D2;094-MARILIA N;TERÇA-FEIRA;17;quarta-feira;SEMANAL;094-MARILIA N LOCAL - D2
RODO;LOCAL - D2;094-MARILIA N;QUARTA-FEIRA;17;quinta-feira;SEMANAL;094-MARILIA N LOCAL - D2
RODO;LOCAL - D2;094-MARILIA N;QUINTA-FEIRA;17;sexta-feira;SEMANAL;094-MARILIA N LOCAL - D2
RODO;LOCAL - D2;094-MARILIA N;SEXTA-FEIRA;17;sábado;SEMANAL;094-MARILIA N LOCAL - D2
RODO;LOCAL - D2;094-MARILIA O;SEGUNDA-FEIRA;17;terça-feira;SEMANAL;094-MARILIA O LOCAL - D2
RODO;LOCAL - D2;094-MARILIA O;TERÇA-FEIRA;17;quarta-feira;SEMANAL;094-MARILIA O LOCAL - D2
RODO;LOCAL - D2;094-MARILIA O;QUARTA-FEIRA;17;quinta-feira;SEMANAL;094-MARILIA O LOCAL - D2
RODO;LOCAL - D2;094-MARILIA O;QUINTA-FEIRA;17;sexta-feira;SEMANAL;094-MARILIA O LOCAL - D2
RODO;LOCAL - D2;094-MARILIA O;SEXTA-FEIRA;17;sábado;SEMANAL;094-MARILIA O LOCAL - D2
RODO;LOCAL - D3;094-ANDRADINA A;TERÇA-FEIRA;10;quarta-feira;SEMANAL;094-ANDRADINA A LOCAL - D3
RODO;LOCAL - D3;094-ANDRADINA A;QUINTA-FEIRA;14;sexta-feira;SEMANAL;094-ANDRADINA A LOCAL - D3
RODO;LOCAL - D3;094-ANDRADINA A;SÁBADO;6;segunda-feira;SEMANAL;094-ANDRADINA A LOCAL - D3
RODO;LOCAL - D3;094-ANDRADINA B;TERÇA-FEIRA;10;quarta-feira;SEMANAL;094-ANDRADINA B LOCAL - D3
RODO;LOCAL - D3;094-ANDRADINA B;QUINTA-FEIRA;14;sexta-feira;SEMANAL;094-ANDRADINA B LOCAL - D3
RODO;LOCAL - D3;094-ANDRADINA B;SÁBADO;6;segunda-feira;SEMANAL;094-ANDRADINA B LOCAL - D3
RODO;LOCAL - D3;094-ANDRADINA C;TERÇA-FEIRA;10;quarta-feira;SEMANAL;094-ANDRADINA C LOCAL - D3
RODO;LOCAL - D3;094-ANDRADINA C;QUINTA-FEIRA;14;sexta-feira;SEMANAL;094-ANDRADINA C LOCAL - D3
RODO;LOCAL - D3;094-ANDRADINA C;SÁBADO;6;segunda-feira;SEMANAL;094-ANDRADINA C LOCAL - D3
RODO;LOCAL - D3;094-ANDRADINA D;TERÇA-FEIRA;10;quarta-feira;SEMANAL;094-ANDRADINA D LOCAL - D3
RODO;LOCAL - D3;094-ANDRADINA D;QUINTA-FEIRA;14;sexta-feira;SEMANAL;094-ANDRADINA D LOCAL - D3
RODO;LOCAL - D3;094-ANDRADINA D;SÁBADO;6;segunda-feira;SEMANAL;094-ANDRADINA D LOCAL - D3
RODO;LOCAL - D3;094-ANDRADINA E;TERÇA-FEIRA;10;quarta-feira;SEMANAL;094-ANDRADINA E LOCAL - D3
RODO;LOCAL - D3;094-ANDRADINA E;QUINTA-FEIRA;14;sexta-feira;SEMANAL;094-ANDRADINA E LOCAL - D3
RODO;LOCAL - D3;094-ANDRADINA E;SÁBADO;6;segunda-feira;SEMANAL;094-ANDRADINA E LOCAL - D3
RODO;LOCAL - D3;094-ANDRADINA F;TERÇA-FEIRA;10;quarta-feira;SEMANAL;094-ANDRADINA F LOCAL - D3
RODO;LOCAL - D3;094-ANDRADINA F;QUINTA-FEIRA;14;sexta-feira;SEMANAL;094-ANDRADINA F LOCAL - D3
RODO;LOCAL - D3;094-ANDRADINA F;SÁBADO;6;segunda-feira;SEMANAL;094-ANDRADINA F LOCAL - D3
RODO;LOCAL - D3;094-ANDRADINA G;TERÇA-FEIRA;10;quarta-feira;SEMANAL;094-ANDRADINA G LOCAL - D3
RODO;LOCAL - D3;094-ANDRADINA G;QUINTA-FEIRA;14;sexta-feira;SEMANAL;094-ANDRADINA G LOCAL - D3
RODO;LOCAL - D3;094-ANDRADINA G;SÁBADO;6;segunda-feira;SEMANAL;094-ANDRADINA G LOCAL - D3
RODO;LOCAL - D3;094-ANDRADINA H;TERÇA-FEIRA;10;quarta-feira;SEMANAL;094-ANDRADINA H LOCAL - D3
RODO;LOCAL - D3;094-ANDRADINA H;QUINTA-FEIRA;14;sexta-feira;SEMANAL;094-ANDRADINA H LOCAL - D3
RODO;LOCAL - D3;094-ANDRADINA H;SÁBADO;6;segunda-feira;SEMANAL;094-ANDRADINA H LOCAL - D3
RODO;LOCAL - D3;094-BIRIGUI A;TERÇA-FEIRA;17;quarta-feira;SEMANAL;094-BIRIGUI A LOCAL - D3
RODO;LOCAL - D3;094-BIRIGUI A;QUINTA-FEIRA;17;sexta-feira;SEMANAL;094-BIRIGUI A LOCAL - D3
RODO;LOCAL - D3;094-BIRIGUI A;SÁBADO;13;segunda-feira;SEMANAL;094-BIRIGUI A LOCAL - D3
RODO;LOCAL - D3;094-BIRIGUI B;TERÇA-FEIRA;17;quarta-feira;SEMANAL;094-BIRIGUI B LOCAL - D3
RODO;LOCAL - D3;094-BIRIGUI B;QUINTA-FEIRA;17;sexta-feira;SEMANAL;094-BIRIGUI B LOCAL - D3
RODO;LOCAL - D3;094-BIRIGUI B;SÁBADO;13;segunda-feira;SEMANAL;094-BIRIGUI B LOCAL - D3
RODO;LOCAL - D3;094-BIRIGUI C;TERÇA-FEIRA;17;quarta-feira;SEMANAL;094-BIRIGUI C LOCAL - D3
RODO;LOCAL - D3;094-BIRIGUI C;QUINTA-FEIRA;17;sexta-feira;SEMANAL;094-BIRIGUI C LOCAL - D3
RODO;LOCAL - D3;094-BIRIGUI C;SÁBADO;13;segunda-feira;SEMANAL;094-BIRIGUI C LOCAL - D3
RODO;LOCAL - D3;094-BIRIGUI D;TERÇA-FEIRA;17;quarta-feira;SEMANAL;094-BIRIGUI D LOCAL - D3
RODO;LOCAL - D3;094-BIRIGUI D;QUINTA-FEIRA;17;sexta-feira;SEMANAL;094-BIRIGUI D LOCAL - D3
RODO;LOCAL - D3;094-BIRIGUI D;SÁBADO;13;segunda-feira;SEMANAL;094-BIRIGUI D LOCAL - D3
RODO;LOCAL - D3;094-BIRIGUI E;TERÇA-FEIRA;17;quarta-feira;SEMANAL;094-BIRIGUI E LOCAL - D3
RODO;LOCAL - D3;094-BIRIGUI E;QUINTA-FEIRA;17;sexta-feira;SEMANAL;094-BIRIGUI E LOCAL - D3
RODO;LOCAL - D3;094-BIRIGUI E;SÁBADO;13;segunda-feira;SEMANAL;094-BIRIGUI E LOCAL - D3
RODO;LOCAL - D3;094-BIRIGUI F;TERÇA-FEIRA;17;quarta-feira;SEMANAL;094-BIRIGUI F LOCAL - D3
RODO;LOCAL - D3;094-BIRIGUI F;QUINTA-FEIRA;17;sexta-feira;SEMANAL;094-BIRIGUI F LOCAL - D3
RODO;LOCAL - D3;094-BIRIGUI F;SÁBADO;13;segunda-feira;SEMANAL;094-BIRIGUI F LOCAL - D3
RODO;LOCAL - D3;094-BIRIGUI G;TERÇA-FEIRA;17;quarta-feira;SEMANAL;094-BIRIGUI G LOCAL - D3
RODO;LOCAL - D3;094-BIRIGUI G;QUINTA-FEIRA;17;sexta-feira;SEMANAL;094-BIRIGUI G LOCAL - D3
RODO;LOCAL - D3;094-BIRIGUI G;SÁBADO;13;segunda-feira;SEMANAL;094-BIRIGUI G LOCAL - D3
RODO;LOCAL - D3;094-BIRIGUI H;TERÇA-FEIRA;17;quarta-feira;SEMANAL;094-BIRIGUI H LOCAL - D3
RODO;LOCAL - D3;094-BIRIGUI H;QUINTA-FEIRA;17;sexta-feira;SEMANAL;094-BIRIGUI H LOCAL - D3
RODO;LOCAL - D3;094-BIRIGUI H;SÁBADO;13;segunda-feira;SEMANAL;094-BIRIGUI H LOCAL - D3
RODO;LOCAL - D3;094-BIRIGUI I;TERÇA-FEIRA;17;quarta-feira;SEMANAL;094-BIRIGUI I LOCAL - D3
RODO;LOCAL - D3;094-BIRIGUI I;QUINTA-FEIRA;17;sexta-feira;SEMANAL;094-BIRIGUI I LOCAL - D3
RODO;LOCAL - D3;094-BIRIGUI I;SÁBADO;13;segunda-feira;SEMANAL;094-BIRIGUI I LOCAL - D3
RODO;LOCAL - D3;094-BIRIGUI J;TERÇA-FEIRA;17;quarta-feira;SEMANAL;094-BIRIGUI J LOCAL - D3
RODO;LOCAL - D3;094-BIRIGUI J;QUINTA-FEIRA;17;sexta-feira;SEMANAL;094-BIRIGUI J LOCAL - D3
RODO;LOCAL - D3;094-BIRIGUI J;SÁBADO;13;segunda-feira;SEMANAL;094-BIRIGUI J LOCAL - D3
RODO;LOCAL - D3;094-GARCA A;SEGUNDA-FEIRA;17;quarta-feira;SEMANAL;094-GARCA A LOCAL - D3
RODO;LOCAL - D3;094-GARCA A;TERÇA-FEIRA;17;quarta-feira;SEMANAL;094-GARCA A LOCAL - D3
RODO;LOCAL - D3;094-GARCA A;QUARTA-FEIRA;17;sexta-feira;SEMANAL;094-GARCA A LOCAL - D3
RODO;LOCAL - D3;094-GARCA A;QUINTA-FEIRA;17;sexta-feira;SEMANAL;094-GARCA A LOCAL - D3
RODO;LOCAL - D3;094-GARCA A;SEXTA-FEIRA;17;segunda-feira;SEMANAL;094-GARCA A LOCAL - D3
RODO;LOCAL - D3;094-GARCA B;SEGUNDA-FEIRA;17;quarta-feira;SEMANAL;094-GARCA B LOCAL - D3
RODO;LOCAL - D3;094-GARCA B;TERÇA-FEIRA;17;quarta-feira;SEMANAL;094-GARCA B LOCAL - D3
RODO;LOCAL - D3;094-GARCA B;QUARTA-FEIRA;17;sexta-feira;SEMANAL;094-GARCA B LOCAL - D3
RODO;LOCAL - D3;094-GARCA B;QUINTA-FEIRA;17;sábado;SEMANAL;094-GARCA B LOCAL - D3
RODO;LOCAL - D3;094-GARCA B;SEXTA-FEIRA;17;segunda-feira;SEMANAL;094-GARCA B LOCAL - D3
RODO;LOCAL - D3;094-GARCA C;SEGUNDA-FEIRA;17;quarta-feira;SEMANAL;094-GARCA C LOCAL - D3
RODO;LOCAL - D3;094-GARCA C;TERÇA-FEIRA;17;quarta-feira;SEMANAL;094-GARCA C LOCAL - D3
RODO;LOCAL - D3;094-GARCA C;QUARTA-FEIRA;17;sexta-feira;SEMANAL;094-GARCA C LOCAL - D3
RODO;LOCAL - D3;094-GARCA C;QUINTA-FEIRA;17;sábado;SEMANAL;094-GARCA C LOCAL - D3
RODO;LOCAL - D3;094-GARCA C;SEXTA-FEIRA;17;segunda-feira;SEMANAL;094-GARCA C LOCAL - D3
RODO;LOCAL - D3;094-GARCA D;SEGUNDA-FEIRA;17;quarta-feira;SEMANAL;094-GARCA D LOCAL - D3
RODO;LOCAL - D3;094-GARCA D;TERÇA-FEIRA;17;quarta-feira;SEMANAL;094-GARCA D LOCAL - D3
RODO;LOCAL - D3;094-GARCA D;QUARTA-FEIRA;17;sexta-feira;SEMANAL;094-GARCA D LOCAL - D3
RODO;LOCAL - D3;094-GARCA D;QUINTA-FEIRA;17;sábado;SEMANAL;094-GARCA D LOCAL - D3
RODO;LOCAL - D3;094-GARCA D;SEXTA-FEIRA;17;segunda-feira;SEMANAL;094-GARCA D LOCAL - D3
RODO;LOCAL - D3;094-GARCA E;SEGUNDA-FEIRA;17;quarta-feira;SEMANAL;094-GARCA E LOCAL - D3
RODO;LOCAL - D3;094-GARCA E;TERÇA-FEIRA;17;quarta-feira;SEMANAL;094-GARCA E LOCAL - D3
RODO;LOCAL - D3;094-GARCA E;QUARTA-FEIRA;17;sexta-feira;SEMANAL;094-GARCA E LOCAL - D3
RODO;LOCAL - D3;094-GARCA E;QUINTA-FEIRA;17;sábado;SEMANAL;094-GARCA E LOCAL - D3
RODO;LOCAL - D3;094-GARCA E;SEXTA-FEIRA;17;segunda-feira;SEMANAL;094-GARCA E LOCAL - D3
RODO;LOCAL - D3;094-GARCA F;SEGUNDA-FEIRA;17;quarta-feira;SEMANAL;094-GARCA F LOCAL - D3
RODO;LOCAL - D3;094-GARCA F;TERÇA-FEIRA;17;quarta-feira;SEMANAL;094-GARCA F LOCAL - D3
RODO;LOCAL - D3;094-GARCA F;QUARTA-FEIRA;17;sexta-feira;SEMANAL;094-GARCA F LOCAL - D3
RODO;LOCAL - D3;094-GARCA F;QUINTA-FEIRA;17;sábado;SEMANAL;094-GARCA F LOCAL - D3
RODO;LOCAL - D3;094-GARCA F;SEXTA-FEIRA;17;segunda-feira;SEMANAL;094-GARCA F LOCAL - D3
RODO;LOCAL - D3;094-GARCA G;SEGUNDA-FEIRA;17;quarta-feira;SEMANAL;094-GARCA G LOCAL - D3
RODO;LOCAL - D3;094-GARCA G;TERÇA-FEIRA;17;quarta-feira;SEMANAL;094-GARCA G LOCAL - D3
RODO;LOCAL - D3;094-GARCA G;QUARTA-FEIRA;17;sexta-feira;SEMANAL;094-GARCA G LOCAL - D3
RODO;LOCAL - D3;094-GARCA G;QUINTA-FEIRA;17;sábado;SEMANAL;094-GARCA G LOCAL - D3
RODO;LOCAL - D3;094-GARCA G;SEXTA-FEIRA;17;segunda-feira;SEMANAL;094-GARCA G LOCAL - D3
RODO;LOCAL - D3;094-GUARARAPES;SEGUNDA-FEIRA;17;terça-feira;SEMANAL;094-GUARARAPES LOCAL - D3
RODO;LOCAL - D3;094-GUARARAPES;QUARTA-FEIRA;17;quinta-feira;SEMANAL;094-GUARARAPES LOCAL - D3
RODO;LOCAL - D3;094-GUARARAPES;SEXTA-FEIRA;17;sábado;SEMANAL;094-GUARARAPES LOCAL - D3
RODO;LOCAL - D3;094-MIRANDOPOLI;SEGUNDA-FEIRA;17;terça-feira;SEMANAL;094-MIRANDOPOLI LOCAL - D3
RODO;LOCAL - D3;094-MIRANDOPOLI;QUARTA-FEIRA;17;quinta-feira;SEMANAL;094-MIRANDOPOLI LOCAL - D3
RODO;LOCAL - D3;094-MIRANDOPOLI;SEXTA-FEIRA;17;sábado;SEMANAL;094-MIRANDOPOLI LOCAL - D3
RODO;LOCAL - D3;094-POMPEIA A;SEGUNDA-FEIRA;17;terça-feira;SEMANAL;094-POMPEIA A LOCAL - D3
RODO;LOCAL - D3;094-POMPEIA A;QUARTA-FEIRA;17;quinta-feira;SEMANAL;094-POMPEIA A LOCAL - D3
RODO;LOCAL - D3;094-POMPEIA A;SEXTA-FEIRA;17;sábado;SEMANAL;094-POMPEIA A LOCAL - D3
RODO;LOCAL - D3;094-POMPEIA B;SEGUNDA-FEIRA;17;terça-feira;SEMANAL;094-POMPEIA B LOCAL - D3
RODO;LOCAL - D3;094-POMPEIA B;QUARTA-FEIRA;17;quinta-feira;SEMANAL;094-POMPEIA B LOCAL - D3
RODO;LOCAL - D3;094-POMPEIA B;SEXTA-FEIRA;17;sábado;SEMANAL;094-POMPEIA B LOCAL - D3
RODO;LOCAL - D3;094-POMPEIA C;SEGUNDA-FEIRA;17;terça-feira;SEMANAL;094-POMPEIA C LOCAL - D3
RODO;LOCAL - D3;094-POMPEIA C;QUARTA-FEIRA;17;quinta-feira;SEMANAL;094-POMPEIA C LOCAL - D3
RODO;LOCAL - D3;094-POMPEIA C;SEXTA-FEIRA;17;sábado;SEMANAL;094-POMPEIA C LOCAL - D3
RODO;LOCAL - D3;094-POMPEIA D;SEGUNDA-FEIRA;17;terça-feira;SEMANAL;094-POMPEIA D LOCAL - D3
RODO;LOCAL - D3;094-POMPEIA D;QUARTA-FEIRA;17;quinta-feira;SEMANAL;094-POMPEIA D LOCAL - D3
RODO;LOCAL - D3;094-POMPEIA D;SEXTA-FEIRA;17;sábado;SEMANAL;094-POMPEIA D LOCAL - D3
RODO;LOCAL - D3;094-POMPEIA F;SEGUNDA-FEIRA;17;terça-feira;SEMANAL;094-POMPEIA F LOCAL - D3
RODO;LOCAL - D3;094-POMPEIA F;QUARTA-FEIRA;17;quinta-feira;SEMANAL;094-POMPEIA F LOCAL - D3
RODO;LOCAL - D3;094-POMPEIA F;SEXTA-FEIRA;17;sábado;SEMANAL;094-POMPEIA F LOCAL - D3
RODO;LOCAL - D3;094-PRESIDENTE VENCESLAU A;TERÇA-FEIRA;17;quarta-feira;SEMANAL;094-PRESIDENTE VENCESLAU A LOCAL - D3
RODO;LOCAL - D3;094-PRESIDENTE VENCESLAU A;QUINTA-FEIRA;17;sexta-feira;SEMANAL;094-PRESIDENTE VENCESLAU A LOCAL - D3
RODO;LOCAL - D3;094-PRESIDENTE VENCESLAU A;SÁBADO;13;segunda-feira;SEMANAL;094-PRESIDENTE VENCESLAU A LOCAL - D3
RODO;LOCAL - D3;094-PRESIDENTE VENCESLAU B;TERÇA-FEIRA;17;quarta-feira;SEMANAL;094-PRESIDENTE VENCESLAU B LOCAL - D3
RODO;LOCAL - D3;094-PRESIDENTE VENCESLAU B;QUINTA-FEIRA;17;sexta-feira;SEMANAL;094-PRESIDENTE VENCESLAU B LOCAL - D3
RODO;LOCAL - D3;094-PRESIDENTE VENCESLAU B;SÁBADO;13;segunda-feira;SEMANAL;094-PRESIDENTE VENCESLAU B LOCAL - D3
RODO;LOCAL - D3;094-PRESIDENTE VENCESLAU C;TERÇA-FEIRA;17;quarta-feira;SEMANAL;094-PRESIDENTE VENCESLAU C LOCAL - D3
RODO;LOCAL - D3;094-PRESIDENTE VENCESLAU C;QUINTA-FEIRA;17;sexta-feira;SEMANAL;094-PRESIDENTE VENCESLAU C LOCAL - D3
RODO;LOCAL - D3;094-PRESIDENTE VENCESLAU C;SÁBADO;13;segunda-feira;SEMANAL;094-PRESIDENTE VENCESLAU C LOCAL - D3
RODO;LOCAL - D3;094-PRESIDENTE VENCESLAU D;TERÇA-FEIRA;17;quarta-feira;SEMANAL;094-PRESIDENTE VENCESLAU D LOCAL - D3
RODO;LOCAL - D3;094-PRESIDENTE VENCESLAU D;QUINTA-FEIRA;17;sexta-feira;SEMANAL;094-PRESIDENTE VENCESLAU D LOCAL - D3
RODO;LOCAL - D3;094-PRESIDENTE VENCESLAU D;SÁBADO;13;segunda-feira;SEMANAL;094-PRESIDENTE VENCESLAU D LOCAL - D3
RODO;LOCAL - D3;094-PRESIDENTE VENCESLAU E;TERÇA-FEIRA;17;quarta-feira;SEMANAL;094-PRESIDENTE VENCESLAU E LOCAL - D3
RODO;LOCAL - D3;094-PRESIDENTE VENCESLAU E;QUINTA-FEIRA;17;sexta-feira;SEMANAL;094-PRESIDENTE VENCESLAU E LOCAL - D3
RODO;LOCAL - D3;094-PRESIDENTE VENCESLAU E;SÁBADO;13;segunda-feira;SEMANAL;094-PRESIDENTE VENCESLAU E LOCAL - D3
RODO;LOCAL - D3;094-PRESIDENTE VENCESLAU F;TERÇA-FEIRA;17;quarta-feira;SEMANAL;094-PRESIDENTE VENCESLAU F LOCAL - D3
RODO;LOCAL - D3;094-PRESIDENTE VENCESLAU F;QUINTA-FEIRA;17;sexta-feira;SEMANAL;094-PRESIDENTE VENCESLAU F LOCAL - D3
RODO;LOCAL - D3;094-PRESIDENTE VENCESLAU F;SÁBADO;13;segunda-feira;SEMANAL;094-PRESIDENTE VENCESLAU F LOCAL - D3
RODO;LOCAL - D3;094-PRESIDENTE VENCESLAU G;TERÇA-FEIRA;17;quarta-feira;SEMANAL;094-PRESIDENTE VENCESLAU G LOCAL - D3
RODO;LOCAL - D3;094-PRESIDENTE VENCESLAU G;QUINTA-FEIRA;17;sexta-feira;SEMANAL;094-PRESIDENTE VENCESLAU G LOCAL - D3
RODO;LOCAL - D3;094-PRESIDENTE VENCESLAU G;SÁBADO;13;segunda-feira;SEMANAL;094-PRESIDENTE VENCESLAU G LOCAL - D3
RODO;LOCAL - D3;094-PRESIDENTE VENCESLAU H;TERÇA-FEIRA;17;quarta-feira;SEMANAL;094-PRESIDENTE VENCESLAU H LOCAL - D3
RODO;LOCAL - D3;094-PRESIDENTE VENCESLAU H;QUINTA-FEIRA;17;sexta-feira;SEMANAL;094-PRESIDENTE VENCESLAU H LOCAL - D3
RODO;LOCAL - D3;094-PRESIDENTE VENCESLAU H;SÁBADO;13;segunda-feira;SEMANAL;094-PRESIDENTE VENCESLAU H LOCAL - D3
RODO;LOCAL - D3;094-VALPARAISO;SEGUNDA-FEIRA;17;terça-feira;SEMANAL;094-VALPARAISO LOCAL - D3
RODO;LOCAL - D3;094-VALPARAISO;QUARTA-FEIRA;17;quinta-feira;SEMANAL;094-VALPARAISO LOCAL - D3
RODO;LOCAL - D3;094-VALPARAISO;SEXTA-FEIRA;17;sábado;SEMANAL;094-VALPARAISO LOCAL - D3
RODO;SAT 1;094-ADAMANTINA;SÁBADO;13;terça-feira;SEMANAL;094-ADAMANTINA SAT 1
RODO;SAT 1;094-ANDRADINA;TERÇA-FEIRA;10;quinta-feira;SEMANAL;094-ANDRADINA SAT 1
RODO;SAT 1;094-ARACATUBA;QUARTA-FEIRA;13;sexta-feira;SEMANAL;094-ARACATUBA SAT 1
RODO;SAT 1;094-ARAPONGAS;QUARTA-FEIRA;0;sexta-feira;SEMANAL;094-ARAPONGAS SAT 1
RODO;SAT 1;094-ARAPONGAS;SEXTA-FEIRA;0;sexta-feira;SEMANAL;094-ARAPONGAS SAT 1
RODO;SAT 1;094-ARAPOTI;SEGUNDA-FEIRA;15;quarta-feira;SEMANAL;094-ARAPOTI SAT 1
RODO;SAT 1;094-ARAPOTI;QUARTA-FEIRA;15;sexta-feira;SEMANAL;094-ARAPOTI SAT 1
RODO;SAT 1;094-ARAPOTI;SEXTA-FEIRA;15;segunda-feira;SEMANAL;094-ARAPOTI SAT 1
RODO;SAT 1;094-ASSIS CHATEAUBRIAND;QUARTA-FEIRA;9;quinta-feira;SEMANAL;094-ASSIS CHATEAUBRIAND SAT 1
RODO;SAT 1;094-BIRIGUI;SÁBADO;13;terça-feira;SEMANAL;094-BIRIGUI SAT 1
RODO;SAT 1;094-CAMBE;QUINTA-FEIRA;0;quinta-feira;SEMANAL;094-CAMBE SAT 1
RODO;SAT 1;094-CASCAVEL;SÁBADO;13;terça-feira;SEMANAL;094-CASCAVEL SAT 1
RODO;SAT 1;094-DOURADOS;SEXTA-FEIRA;20;terça-feira;SEMANAL;094-DOURADOS SAT 1
RODO;SAT 1;094-DRACENA;TERÇA-FEIRA;17;quinta-feira;SEMANAL;094-DRACENA SAT 1
RODO;SAT 1;094-FOZ DO IGUACU;SEGUNDA-FEIRA;13;quarta-feira;SEMANAL;094-FOZ DO IGUACU SAT 1
RODO;SAT 1;094-GARCA;TERÇA-FEIRA;17;quarta-feira;SEMANAL;094-GARCA SAT 1
RODO;SAT 1;094-GUAIRA;SEGUNDA-FEIRA;9;quarta-feira;SEMANAL;094-GUAIRA SAT 1
RODO;SAT 1;094-GUARARAPES;SEGUNDA-FEIRA;17;quarta-feira;SEMANAL;094-GUARARAPES SAT 1
RODO;SAT 1;094-GUARARAPES;QUARTA-FEIRA;17;sexta-feira;SEMANAL;094-GUARARAPES SAT 1
RODO;SAT 1;094-GUARARAPES;SEXTA-FEIRA;17;segunda-feira;SEMANAL;094-GUARARAPES SAT 1
RODO;SAT 1;094-IBAITI;TERÇA-FEIRA;20;sexta-feira;SEMANAL;094-IBAITI SAT 1
RODO;SAT 1;094-IBAITI;QUINTA-FEIRA;20;segunda-feira;SEMANAL;094-IBAITI SAT 1
RODO;SAT 1;094-IBAITI;SÁBADO;16;quarta-feira;SEMANAL;094-IBAITI SAT 1
RODO;SAT 1;094-ITAPEVA;SEGUNDA-FEIRA;15;terça-feira;SEMANAL;094-ITAPEVA SAT 1
RODO;SAT 1;094-ITAPEVA;QUARTA-FEIRA;15;quinta-feira;SEMANAL;094-ITAPEVA SAT 1
RODO;SAT 1;094-ITAPEVA;SEXTA-FEIRA;15;terça-feira;SEMANAL;094-ITAPEVA SAT 1
RODO;SAT 1;094-ITARARE;SEGUNDA-FEIRA;15;segunda-feira;PRÓXIMA SEMANA;094-ITARARE SAT 1
RODO;SAT 1;094-ITARARE;QUARTA-FEIRA;15;segunda-feira;SEMANAL;094-ITARARE SAT 1
RODO;SAT 1;094-ITARARE;SEXTA-FEIRA;15;segunda-feira;SEMANAL;094-ITARARE SAT 1
RODO;SAT 1;094-JAGUARIAIVA;SEGUNDA-FEIRA;15;terça-feira;SEMANAL;094-JAGUARIAIVA SAT 1
RODO;SAT 1;094-JAGUARIAIVA;QUARTA-FEIRA;15;quinta-feira;SEMANAL;094-JAGUARIAIVA SAT 1
RODO;SAT 1;094-JAGUARIAIVA;SEXTA-FEIRA;15;terça-feira;SEMANAL;094-JAGUARIAIVA SAT 1
RODO;SAT 1;094-LOANDA;SÁBADO;13;terça-feira;SEMANAL;094-LOANDA SAT 1
RODO;SAT 1;094-LUCELIA;TERÇA-FEIRA;17;quinta-feira;SEMANAL;094-LUCELIA SAT 1
RODO;SAT 1;094-MANDAGUACU;SEXTA-FEIRA;0;sábado;SEMANAL;094-MANDAGUACU SAT 1
RODO;SAT 1;094-MARACAJU;TERÇA-FEIRA;6;quinta-feira;SEMANAL;094-MARACAJU SAT 1
RODO;SAT 1;094-MARILIA;SEXTA-FEIRA;17;segunda-feira;SEMANAL;094-MARILIA SAT 1
RODO;SAT 1;094-MIRANDOPOLI;SEXTA-FEIRA;17;segunda-feira;SEMANAL;094-MIRANDOPOLI SAT 1
RODO;SAT 1;094-NOVA ANDRADINA;SEGUNDA-FEIRA;0;quarta-feira;SEMANAL;094-NOVA ANDRADINA SAT 1
RODO;SAT 1;094-PALOTINA;QUARTA-FEIRA;9;quinta-feira;SEMANAL;094-PALOTINA SAT 1
RODO;SAT 1;094-PALOTINA;SEXTA-FEIRA;9;sábado;SEMANAL;094-PALOTINA SAT 1
RODO;SAT 1;094-PARANAIBA;SÁBADO;0;segunda-feira;SEMANAL;094-PARANAIBA SAT 1
RODO;SAT 1;094-PARANAVAI;SEGUNDA-FEIRA;20;quarta-feira;SEMANAL;094-PARANAVAI SAT 1
RODO;SAT 1;094-PEREIRA BARRETO;TERÇA-FEIRA;10;quarta-feira;SEMANAL;094-PEREIRA BARRETO SAT 1
RODO;SAT 1;094-PRESIDENTE EPITACIO;SÁBADO;13;terça-feira;SEMANAL;094-PRESIDENTE EPITACIO SAT 1
RODO;SAT 1;094-PRESIDENTE VENCESLAU;SÁBADO;13;terça-feira;SEMANAL;094-PRESIDENTE VENCESLAU SAT 1
RODO;SAT 1;094-PRIMAVERA;SEGUNDA-FEIRA;0;sexta-feira;SEMANAL;094-PRIMAVERA SAT 1
RODO;SAT 1;094-PRIMAVERA;QUARTA-FEIRA;0;sexta-feira;SEMANAL;094-PRIMAVERA SAT 1
RODO;SAT 1;094-PRIMAVERA;SEXTA-FEIRA;0;sexta-feira;PRÓXIMA SEMANA;094-PRIMAVERA SAT 1
RODO;SAT 1;094-RANCHARIA;SEGUNDA-FEIRA;18;quarta-feira;SEMANAL;094-RANCHARIA SAT 1
RODO;SAT 1;094-RANCHARIA;QUARTA-FEIRA;18;sexta-feira;SEMANAL;094-RANCHARIA SAT 1
RODO;SAT 1;094-RANCHARIA;SEXTA-FEIRA;18;segunda-feira;SEMANAL;094-RANCHARIA SAT 1
RODO;SAT 1;094-SIQUEIRA CAMPOS;QUINTA-FEIRA;20;segunda-feira;SEMANAL;094-SIQUEIRA CAMPOS SAT 1
RODO;SAT 1;094-TEODORO SAMPAIO;SEXTA-FEIRA;0;segunda-feira;SEMANAL;094-TEODORO SAMPAIO SAT 1
RODO;SAT 1;094-TRES LAGOAS;QUINTA-FEIRA;14;sábado;QUINZENAL;094-TRES LAGOAS SAT 1
RODO;SAT 1;094-TUPA;QUARTA-FEIRA;18;sexta-feira;SEMANAL;094-TUPA SAT 1
RODO;SAT 1;094-VALPARAISO;SEGUNDA-FEIRA;17;quarta-feira;SEMANAL;094-VALPARAISO SAT 1
RODO;SAT 1;094-VALPARAISO;QUARTA-FEIRA;17;sexta-feira;SEMANAL;094-VALPARAISO SAT 1
RODO;SAT 1;094-VALPARAISO;SEXTA-FEIRA;17;segunda-feira;SEMANAL;094-VALPARAISO SAT 1
RODO;SAT 1;095-AQUIDAUANA;SEGUNDA-FEIRA;11;quarta-feira;SEMANAL;095-AQUIDAUANA SAT 1
RODO;SAT 1;095-AQUIDAUANA;QUARTA-FEIRA;11;sexta-feira;SEMANAL;095-AQUIDAUANA SAT 1
RODO;SAT 1;095-AQUIDAUANA;SEXTA-FEIRA;11;segunda-feira;SEMANAL;095-AQUIDAUANA SAT 1
RODO;SAT 1;095-CAMPO GRANDE;SEXTA-FEIRA;11;segunda-feira;SEMANAL;095-CAMPO GRANDE SAT 1
RODO;SAT 1;095-CAMPO GRANDE;SÁBADO;11;segunda-feira;SEMANAL;095-CAMPO GRANDE SAT 1
RODO;SAT 1;095-CORUMBA;TERÇA-FEIRA;11;quinta-feira;SEMANAL;095-CORUMBA SAT 1
RODO;SAT 1;095-CORUMBA;QUINTA-FEIRA;11;sábado;SEMANAL;095-CORUMBA SAT 1
RODO;SAT 1;095-CORUMBA;SÁBADO;11;terça-feira;SEMANAL;095-CORUMBA SAT 1
RODO;SAT 1;095-COXIM;QUARTA-FEIRA;11;sexta-feira;SEMANAL;095-COXIM SAT 1
RODO;SAT 1;095-COXIM;SÁBADO;11;terça-feira;SEMANAL;095-COXIM SAT 1
RODO;SAT 1;095-SIDROLANDIA;SEGUNDA-FEIRA;11;quarta-feira;SEMANAL;095-SIDROLANDIA SAT 1
RODO;SAT 1;095-SIDROLANDIA;QUARTA-FEIRA;11;quarta-feira;PRÓXIMA SEMANA;095-SIDROLANDIA SAT 1
RODO;SAT 1;095-SIDROLANDIA;SEXTA-FEIRA;11;quarta-feira;SEMANAL;095-SIDROLANDIA SAT 1
RODO;SAT 1 - D3;094-POMPEIA;SEGUNDA-FEIRA;17;terça-feira;SEMANAL;094-POMPEIA SAT 1 - D3
RODO;SAT 1 - D3;094-POMPEIA;QUARTA-FEIRA;17;quinta-feira;SEMANAL;094-POMPEIA SAT 1 - D3
RODO;SAT 1 - D3;094-POMPEIA;SEXTA-FEIRA;17;sábado;SEMANAL;094-POMPEIA SAT 1 - D3
RODO;SAT 15;094-NOVA ANDRADINA;SEGUNDA-FEIRA;0;segunda-feira;PRÓXIMA QUINZENA;094-NOVA ANDRADINA SAT 15
RODO;SAT 15;094-NOVA ANDRADINA;QUARTA-FEIRA;0;segunda-feira;QUINZENAL;094-NOVA ANDRADINA SAT 15
RODO;SAT 15;094-NOVA ANDRADINA;SEXTA-FEIRA;0;segunda-feira;QUINZENAL;094-NOVA ANDRADINA SAT 15
RODO;SAT 2;094-ADAMANTINA;TERÇA-FEIRA;17;quinta-feira;SEMANAL;094-ADAMANTINA SAT 2
RODO;SAT 2;094-ANDRADINA;TERÇA-FEIRA;10;quinta-feira;SEMANAL;094-ANDRADINA SAT 2
RODO;SAT 2;094-BIRIGUI;SÁBADO;13;terça-feira;SEMANAL;094-BIRIGUI SAT 2
RODO;SAT 2;094-CAMBE;QUINTA-FEIRA;0;quinta-feira;SEMANAL;094-CAMBE SAT 2
RODO;SAT 2;094-CASCAVEL;TERÇA-FEIRA;13;quinta-feira;SEMANAL;094-CASCAVEL SAT 2
RODO;SAT 2;094-DOURADOS;TERÇA-FEIRA;6;quinta-feira;SEMANAL;094-DOURADOS SAT 2
RODO;SAT 2;094-DRACENA;QUINTA-FEIRA;17;sábado;SEMANAL;094-DRACENA SAT 2
RODO;SAT 2;094-GARCA;TERÇA-FEIRA;17;quarta-feira;SEMANAL;094-GARCA SAT 2
RODO;SAT 2;094-GUARARAPES;QUARTA-FEIRA;17;sexta-feira;SEMANAL;094-GUARARAPES SAT 2
RODO;SAT 2;094-IBAITI;TERÇA-FEIRA;20;sexta-feira;SEMANAL;094-IBAITI SAT 2
RODO;SAT 2;094-ILHA SOLTEIRA;SEGUNDA-FEIRA;17;quarta-feira;SEMANAL;094-ILHA SOLTEIRA SAT 2
RODO;SAT 2;094-JANDAIA DO SUL;SEGUNDA-FEIRA;0;terça-feira;SEMANAL;094-JANDAIA DO SUL SAT 2
RODO;SAT 2;094-LOANDA;SÁBADO;13;quarta-feira;SEMANAL;094-LOANDA SAT 2
RODO;SAT 2;094-MARILIA;SEXTA-FEIRA;17;segunda-feira;SEMANAL;094-MARILIA SAT 2
RODO;SAT 2;094-MARINGA;SEXTA-FEIRA;0;sábado;SEMANAL;094-MARINGA SAT 2
RODO;SAT 2;094-MARINGA;SÁBADO;0;sábado;SEMANAL;094-MARINGA SAT 2
RODO;SAT 2;094-MIRANDOPOLI;QUARTA-FEIRA;17;sexta-feira;SEMANAL;094-MIRANDOPOLI SAT 2
RODO;SAT 2;094-MIRANDOPOLI;SEXTA-FEIRA;17;segunda-feira;SEMANAL;094-MIRANDOPOLI SAT 2
RODO;SAT 2;094-NOVA ANDRADINA;QUARTA-FEIRA;0;sexta-feira;SEMANAL;094-NOVA ANDRADINA SAT 2
RODO;SAT 2;094-PARAGUACU PAULISTA;SEXTA-FEIRA;18;segunda-feira;SEMANAL;094-PARAGUACU PAULISTA SAT 2
RODO;SAT 2;094-PARANAVAI;QUARTA-FEIRA;20;sexta-feira;SEMANAL;094-PARANAVAI SAT 2
RODO;SAT 2;094-PEREIRA BARRETO;TERÇA-FEIRA;10;quarta-feira;SEMANAL;094-PEREIRA BARRETO SAT 2
RODO;SAT 2;094-PRESIDENTE EPITACIO;QUINTA-FEIRA;17;sábado;QUINZENAL;094-PRESIDENTE EPITACIO SAT 2
RODO;SAT 2;094-PRESIDENTE VENCESLAU;QUINTA-FEIRA;17;sábado;SEMANAL;094-PRESIDENTE VENCESLAU SAT 2
RODO;SAT 2;094-RANCHARIA;SEGUNDA-FEIRA;18;quarta-feira;SEMANAL;094-RANCHARIA SAT 2
RODO;SAT 2;094-TEODORO SAMPAIO;SEGUNDA-FEIRA;0;quarta-feira;SEMANAL;094-TEODORO SAMPAIO SAT 2
RODO;SAT 2;094-TRES LAGOAS;QUINTA-FEIRA;14;sábado;QUINZENAL;094-TRES LAGOAS SAT 2
RODO;SAT 2;094-TUPA;QUARTA-FEIRA;18;sexta-feira;SEMANAL;094-TUPA SAT 2
RODO;SAT 2;095-AQUIDAUANA;SEGUNDA-FEIRA;11;sábado;SEMANAL;095-AQUIDAUANA SAT 2
RODO;SAT 2;095-AQUIDAUANA;QUARTA-FEIRA;11;sábado;SEMANAL;095-AQUIDAUANA SAT 2
RODO;SAT 2;095-AQUIDAUANA;SEXTA-FEIRA;11;sábado;SEMANAL;095-AQUIDAUANA SAT 2
RODO;SAT 2;095-CAMPO GRANDE;SEGUNDA-FEIRA;11;terça-feira;SEMANAL;095-CAMPO GRANDE SAT 2
RODO;SAT 2;095-CAMPO GRANDE;SÁBADO;11;terça-feira;SEMANAL;095-CAMPO GRANDE SAT 2
RODO;SAT 2;095-CORUMBA;TERÇA-FEIRA;11;quinta-feira;SEMANAL;095-CORUMBA SAT 2
RODO;SAT 2;095-CORUMBA;QUINTA-FEIRA;11;sábado;SEMANAL;095-CORUMBA SAT 2
RODO;SAT 2;095-CORUMBA;SÁBADO;11;terça-feira;SEMANAL;095-CORUMBA SAT 2
RODO;SAT 2;095-COXIM;QUARTA-FEIRA;11;sexta-feira;SEMANAL;095-COXIM SAT 2
RODO;SAT 2;095-COXIM;SÁBADO;11;terça-feira;SEMANAL;095-COXIM SAT 2
RODO;SAT 2;095-SIDROLANDIA;SEGUNDA-FEIRA;11;segunda-feira;PRÓXIMA SEMANA;095-SIDROLANDIA SAT 2
RODO;SAT 2;095-SIDROLANDIA;QUARTA-FEIRA;11;segunda-feira;SEMANAL;095-SIDROLANDIA SAT 2
RODO;SAT 2;095-SIDROLANDIA;SEXTA-FEIRA;11;segunda-feira;SEMANAL;095-SIDROLANDIA SAT 2
RODO;SAT 2 - D3;094-ITAPEVA;SEGUNDA-FEIRA;15;terça-feira;SEMANAL;094-ITAPEVA SAT 2 - D3
RODO;SAT 2 - D3;094-ITAPEVA;QUARTA-FEIRA;15;quinta-feira;SEMANAL;094-ITAPEVA SAT 2 - D3
RODO;SAT 2 - D3;094-ITAPEVA;SEXTA-FEIRA;15;sábado;SEMANAL;094-ITAPEVA SAT 2 - D3
RODO;SAT 2 - D3;094-POMPEIA;SEGUNDA-FEIRA;17;terça-feira;SEMANAL;094-POMPEIA SAT 2 - D3
RODO;SAT 2 - D3;094-POMPEIA;QUARTA-FEIRA;17;quinta-feira;SEMANAL;094-POMPEIA SAT 2 - D3
RODO;SAT 2 - D3;094-POMPEIA;SEXTA-FEIRA;17;sábado;SEMANAL;094-POMPEIA SAT 2 - D3
RODO;SAT 3;094-ANDRADINA;SÁBADO;6;terça-feira;SEMANAL;094-ANDRADINA SAT 3
RODO;SAT 3;094-BIRIGUI;SÁBADO;13;terça-feira;SEMANAL;094-BIRIGUI SAT 3
RODO;SAT 3;094-CASCAVEL;SÁBADO;13;segunda-feira;SEMANAL;094-CASCAVEL SAT 3
RODO;SAT 3;094-DOURADOS;TERÇA-FEIRA;6;quinta-feira;SEMANAL;094-DOURADOS SAT 3
RODO;SAT 3;094-DRACENA;SÁBADO;13;terça-feira;SEMANAL;094-DRACENA SAT 3
RODO;SAT 3;094-GARCA;TERÇA-FEIRA;17;quarta-feira;SEMANAL;094-GARCA SAT 3
RODO;SAT 3;094-IBAITI;SÁBADO;16;quarta-feira;SEMANAL;094-IBAITI SAT 3
RODO;SAT 3;094-LOANDA;QUARTA-FEIRA;18;sexta-feira;SEMANAL;094-LOANDA SAT 3
RODO;SAT 3;094-MARILIA;SEXTA-FEIRA;17;segunda-feira;SEMANAL;094-MARILIA SAT 3
RODO;SAT 3;094-MIRANDOPOLI;SEGUNDA-FEIRA;17;quarta-feira;SEMANAL;094-MIRANDOPOLI SAT 3
RODO;SAT 3;094-MIRANDOPOLI;QUARTA-FEIRA;17;sexta-feira;SEMANAL;094-MIRANDOPOLI SAT 3
RODO;SAT 3;094-MIRANDOPOLI;SEXTA-FEIRA;17;segunda-feira;SEMANAL;094-MIRANDOPOLI SAT 3
RODO;SAT 3;094-NOVA ANDRADINA;SEGUNDA-FEIRA;0;quarta-feira;QUINZENAL;094-NOVA ANDRADINA SAT 3
RODO;SAT 3;094-PARAGUACU PAULISTA;SEXTA-FEIRA;18;segunda-feira;SEMANAL;094-PARAGUACU PAULISTA SAT 3
RODO;SAT 3;094-PEREIRA BARRETO;TERÇA-FEIRA;10;quarta-feira;SEMANAL;094-PEREIRA BARRETO SAT 3
RODO;SAT 3;094-PRESIDENTE VENCESLAU;TERÇA-FEIRA;17;quinta-feira;SEMANAL;094-PRESIDENTE VENCESLAU SAT 3
RODO;SAT 3;094-RANCHARIA;SEGUNDA-FEIRA;18;quarta-feira;SEMANAL;094-RANCHARIA SAT 3
RODO;SAT 3;094-SIQUEIRA CAMPOS;SÁBADO;16;quarta-feira;SEMANAL;094-SIQUEIRA CAMPOS SAT 3
RODO;SAT 3;094-TUPA;QUARTA-FEIRA;18;sexta-feira;SEMANAL;094-TUPA SAT 3
RODO;SAT 3;095-AQUIDAUANA;SEGUNDA-FEIRA;11;quinta-feira;SEMANAL;095-AQUIDAUANA SAT 3
RODO;SAT 3;095-AQUIDAUANA;QUARTA-FEIRA;11;quinta-feira;PRÓXIMA SEMANA;095-AQUIDAUANA SAT 3
RODO;SAT 3;095-AQUIDAUANA;SEXTA-FEIRA;11;quinta-feira;SEMANAL;095-AQUIDAUANA SAT 3
RODO;SAT 3;095-CAMPO GRANDE;SEGUNDA-FEIRA;11;quarta-feira;SEMANAL;095-CAMPO GRANDE SAT 3
RODO;SAT 3;095-CAMPO GRANDE;TERÇA-FEIRA;11;quarta-feira;SEMANAL;095-CAMPO GRANDE SAT 3
RODO;SAT 3 - D3;094-ITAPEVA;SEGUNDA-FEIRA;15;terça-feira;SEMANAL;094-ITAPEVA SAT 3 - D3
RODO;SAT 3 - D3;094-ITAPEVA;QUARTA-FEIRA;15;quinta-feira;SEMANAL;094-ITAPEVA SAT 3 - D3
RODO;SAT 3 - D3;094-ITAPEVA;SEXTA-FEIRA;15;sábado;SEMANAL;094-ITAPEVA SAT 3 - D3
RODO;SAT 3 - D3;094-POMPEIA;SEGUNDA-FEIRA;17;terça-feira;SEMANAL;094-POMPEIA SAT 3 - D3
RODO;SAT 3 - D3;094-POMPEIA;QUARTA-FEIRA;17;quinta-feira;SEMANAL;094-POMPEIA SAT 3 - D3
RODO;SAT 3 - D3;094-POMPEIA;SEXTA-FEIRA;17;sábado;SEMANAL;094-POMPEIA SAT 3 - D3
RODO;SAT 4;094-BIRIGUI;SÁBADO;13;terça-feira;SEMANAL;094-BIRIGUI SAT 4
RODO;SAT 4;094-IBAITI;SÁBADO;16;quarta-feira;SEMANAL;094-IBAITI SAT 4
RODO;SAT 4;094-LOANDA;SÁBADO;13;quarta-feira;SEMANAL;094-LOANDA SAT 4
RODO;SAT 4;094-TUPA;QUARTA-FEIRA;18;sexta-feira;SEMANAL;094-TUPA SAT 4
RODO;SAT 4;095-AQUIDAUANA;SEGUNDA-FEIRA;11;quarta-feira;SEMANAL;095-AQUIDAUANA SAT 4
RODO;SAT 4;095-AQUIDAUANA;QUARTA-FEIRA;11;quarta-feira;PRÓXIMA SEMANA;095-AQUIDAUANA SAT 4
RODO;SAT 4;095-AQUIDAUANA;SEXTA-FEIRA;11;quarta-feira;SEMANAL;095-AQUIDAUANA SAT 4
RODO;SAT 4;095-CAMPO GRANDE;TERÇA-FEIRA;11;quinta-feira;SEMANAL;095-CAMPO GRANDE SAT 4
RODO;SAT 4;095-CAMPO GRANDE;QUARTA-FEIRA;11;quinta-feira;SEMANAL;095-CAMPO GRANDE SAT 4
RODO;SAT 5;094-BIRIGUI;SÁBADO;13;terça-feira;SEMANAL;094-BIRIGUI SAT 5
RODO;SAT 5;094-DOURADOS;SEXTA-FEIRA;20;terça-feira;SEMANAL;094-DOURADOS SAT 5
RODO;SAT 5;094-IBAITI;SÁBADO;16;quarta-feira;SEMANAL;094-IBAITI SAT 5
RODO;SAT 5;094-LOANDA;SÁBADO;13;terça-feira;SEMANAL;094-LOANDA SAT 5
RODO;SAT 5;094-TUPA;QUARTA-FEIRA;18;sexta-feira;SEMANAL;094-TUPA SAT 5
RODO;SAT 5;095-CAMPO GRANDE;QUARTA-FEIRA;11;sexta-feira;SEMANAL;095-CAMPO GRANDE SAT 5
RODO;SAT 5;095-CAMPO GRANDE;QUINTA-FEIRA;11;sexta-feira;SEMANAL;095-CAMPO GRANDE SAT 5
RODO;SAT 6;094-CASCAVEL;TERÇA-FEIRA;13;quinta-feira;SEMANAL;094-CASCAVEL SAT 6
RODO;SAT 6;094-DOURADOS;TERÇA-FEIRA;6;quinta-feira;SEMANAL;094-DOURADOS SAT 6
RODO;SAT 6;094-IBAITI;SÁBADO;16;quarta-feira;SEMANAL;094-IBAITI SAT 6
RODO;SAT 7;094-DOURADOS;SEGUNDA-FEIRA;6;quarta-feira;QUINZENAL;094-DOURADOS SAT 7
RODO;SAT 8;094-DOURADOS;QUINTA-FEIRA;6;sábado;QUINZENAL;094-DOURADOS SAT 8
RODO;SAT 9;094-DOURADOS;SEGUNDA-FEIRA;6;quarta-feira;QUINZENAL;094-DOURADOS SAT 9
RODO/COURIER;LOCAL;094-ALTONIA;TERÇA-FEIRA;20;quinta-feira;SEMANAL;094-ALTONIA LOCAL
RODO/COURIER;LOCAL;094-ALTONIA;QUINTA-FEIRA;20;sábado;SEMANAL;094-ALTONIA LOCAL
RODO/COURIER;LOCAL;094-ALTONIA;SÁBADO;13;terça-feira;SEMANAL;094-ALTONIA LOCAL
RODO/COURIER;LOCAL;094-ALVARES MACHADO;SEGUNDA-FEIRA;0;terça-feira;SEMANAL;094-ALVARES MACHADO LOCAL
RODO/COURIER;LOCAL;094-ALVARES MACHADO;TERÇA-FEIRA;20;quinta-feira;SEMANAL;094-ALVARES MACHADO LOCAL
RODO/COURIER;LOCAL;094-ALVARES MACHADO;QUINTA-FEIRA;20;sábado;SEMANAL;094-ALVARES MACHADO LOCAL
RODO/COURIER;LOCAL;094-ANDIRA;SEGUNDA-FEIRA;20;quarta-feira;SEMANAL;094-ANDIRA LOCAL
RODO/COURIER;LOCAL;094-ANDIRA;QUARTA-FEIRA;20;sexta-feira;SEMANAL;094-ANDIRA LOCAL
RODO/COURIER;LOCAL;094-ANDIRA;SEXTA-FEIRA;20;segunda-feira;SEMANAL;094-ANDIRA LOCAL
RODO/COURIER;LOCAL;094-ARAPOTI;SEGUNDA-FEIRA;15;quarta-feira;SEMANAL;094-ARAPOTI LOCAL
RODO/COURIER;LOCAL;094-ARAPOTI;QUARTA-FEIRA;15;sexta-feira;SEMANAL;094-ARAPOTI LOCAL
RODO/COURIER;LOCAL;094-ARAPOTI;SEXTA-FEIRA;15;segunda-feira;SEMANAL;094-ARAPOTI LOCAL
RODO/COURIER;LOCAL;094-ASSIS CHATEAUBRIAND;SEGUNDA-FEIRA;9;quarta-feira;SEMANAL;094-ASSIS CHATEAUBRIAND LOCAL
RODO/COURIER;LOCAL;094-ASSIS CHATEAUBRIAND;QUARTA-FEIRA;9;sexta-feira;SEMANAL;094-ASSIS CHATEAUBRIAND LOCAL
RODO/COURIER;LOCAL;094-ASSIS CHATEAUBRIAND;SEXTA-FEIRA;9;segunda-feira;SEMANAL;094-ASSIS CHATEAUBRIAND LOCAL
RODO/COURIER;LOCAL;094-BANDEIRANTES;SEGUNDA-FEIRA;0;terça-feira;SEMANAL;094-BANDEIRANTES LOCAL
RODO/COURIER;LOCAL;094-BANDEIRANTES;TERÇA-FEIRA;0;quarta-feira;SEMANAL;094-BANDEIRANTES LOCAL
RODO/COURIER;LOCAL;094-BANDEIRANTES;SEXTA-FEIRA;0;sábado;SEMANAL;094-BANDEIRANTES LOCAL
RODO/COURIER;LOCAL;094-BASTOS;SEGUNDA-FEIRA;18;terça-feira;SEMANAL;094-BASTOS LOCAL
RODO/COURIER;LOCAL;094-BASTOS;QUARTA-FEIRA;18;sexta-feira;SEMANAL;094-BASTOS LOCAL
RODO/COURIER;LOCAL;094-BASTOS;SEXTA-FEIRA;18;segunda-feira;SEMANAL;094-BASTOS LOCAL
RODO/COURIER;LOCAL;094-CANDIDO MOTA A;TERÇA-FEIRA;18;quinta-feira;SEMANAL;094-CANDIDO MOTA A LOCAL
RODO/COURIER;LOCAL;094-CANDIDO MOTA A;QUINTA-FEIRA;18;sábado;SEMANAL;094-CANDIDO MOTA A LOCAL
RODO/COURIER;LOCAL;094-CANDIDO MOTA A;SÁBADO;16;terça-feira;SEMANAL;094-CANDIDO MOTA A LOCAL
RODO/COURIER;LOCAL;094-CANDIDO MOTA B;TERÇA-FEIRA;18;quinta-feira;SEMANAL;094-CANDIDO MOTA B LOCAL
RODO/COURIER;LOCAL;094-CANDIDO MOTA B;QUINTA-FEIRA;18;sábado;SEMANAL;094-CANDIDO MOTA B LOCAL
RODO/COURIER;LOCAL;094-CANDIDO MOTA B;SÁBADO;16;terça-feira;SEMANAL;094-CANDIDO MOTA B LOCAL
RODO/COURIER;LOCAL;094-CANDIDO MOTA C;TERÇA-FEIRA;18;quinta-feira;SEMANAL;094-CANDIDO MOTA C LOCAL
RODO/COURIER;LOCAL;094-CANDIDO MOTA C;QUINTA-FEIRA;18;sábado;SEMANAL;094-CANDIDO MOTA C LOCAL
RODO/COURIER;LOCAL;094-CANDIDO MOTA C;SÁBADO;16;terça-feira;SEMANAL;094-CANDIDO MOTA C LOCAL
RODO/COURIER;LOCAL;094-CANDIDO MOTA D;TERÇA-FEIRA;18;quinta-feira;SEMANAL;094-CANDIDO MOTA D LOCAL
RODO/COURIER;LOCAL;094-CANDIDO MOTA D;QUINTA-FEIRA;18;sábado;SEMANAL;094-CANDIDO MOTA D LOCAL
RODO/COURIER;LOCAL;094-CANDIDO MOTA D;SÁBADO;16;terça-feira;SEMANAL;094-CANDIDO MOTA D LOCAL
RODO/COURIER;LOCAL;094-CANDIDO MOTA E;TERÇA-FEIRA;18;quinta-feira;SEMANAL;094-CANDIDO MOTA E LOCAL
RODO/COURIER;LOCAL;094-CANDIDO MOTA E;QUINTA-FEIRA;18;sábado;SEMANAL;094-CANDIDO MOTA E LOCAL
RODO/COURIER;LOCAL;094-CANDIDO MOTA E;SÁBADO;16;terça-feira;SEMANAL;094-CANDIDO MOTA E LOCAL
RODO/COURIER;LOCAL;094-GOIOERE;SEGUNDA-FEIRA;17;quarta-feira;SEMANAL;094-GOIOERE LOCAL
RODO/COURIER;LOCAL;094-GOIOERE;QUARTA-FEIRA;17;sexta-feira;SEMANAL;094-GOIOERE LOCAL
RODO/COURIER;LOCAL;094-GOIOERE;SEXTA-FEIRA;17;segunda-feira;SEMANAL;094-GOIOERE LOCAL
RODO/COURIER;LOCAL;094-GUAIRA;SEGUNDA-FEIRA;9;quarta-feira;SEMANAL;094-GUAIRA LOCAL
RODO/COURIER;LOCAL;094-GUAIRA;QUARTA-FEIRA;9;sexta-feira;SEMANAL;094-GUAIRA LOCAL
RODO/COURIER;LOCAL;094-GUAIRA;SEXTA-FEIRA;9;segunda-feira;SEMANAL;094-GUAIRA LOCAL
RODO/COURIER;LOCAL;094-IBAITI;TERÇA-FEIRA;20;quinta-feira;SEMANAL;094-IBAITI LOCAL
RODO/COURIER;LOCAL;094-IBAITI;QUINTA-FEIRA;20;sábado;SEMANAL;094-IBAITI LOCAL
RODO/COURIER;LOCAL;094-IBAITI;SÁBADO;16;terça-feira;SEMANAL;094-IBAITI LOCAL
RODO/COURIER;LOCAL;094-JAGUARIAIVA;SEGUNDA-FEIRA;15;quarta-feira;SEMANAL;094-JAGUARIAIVA LOCAL
RODO/COURIER;LOCAL;094-JAGUARIAIVA;QUARTA-FEIRA;15;sexta-feira;SEMANAL;094-JAGUARIAIVA LOCAL
RODO/COURIER;LOCAL;094-JAGUARIAIVA;SEXTA-FEIRA;15;segunda-feira;SEMANAL;094-JAGUARIAIVA LOCAL
RODO/COURIER;LOCAL;094-LOANDA;QUARTA-FEIRA;18;quinta-feira;SEMANAL;094-LOANDA LOCAL
RODO/COURIER;LOCAL;094-LOANDA;SÁBADO;13;segunda-feira;SEMANAL;094-LOANDA LOCAL
RODO/COURIER;LOCAL;094-MARACAJU;TERÇA-FEIRA;6;quinta-feira;SEMANAL;094-MARACAJU LOCAL
RODO/COURIER;LOCAL;094-MARACAJU;QUINTA-FEIRA;6;sábado;SEMANAL;094-MARACAJU LOCAL
RODO/COURIER;LOCAL;094-MARACAJU;SEXTA-FEIRA;20;terça-feira;SEMANAL;094-MARACAJU LOCAL
RODO/COURIER;LOCAL;094-MARTINOPOLIS;SEGUNDA-FEIRA;20;quarta-feira;SEMANAL;094-MARTINOPOLIS LOCAL
RODO/COURIER;LOCAL;094-MARTINOPOLIS;QUARTA-FEIRA;20;sexta-feira;SEMANAL;094-MARTINOPOLIS LOCAL
RODO/COURIER;LOCAL;094-MARTINOPOLIS;SEXTA-FEIRA;20;segunda-feira;SEMANAL;094-MARTINOPOLIS LOCAL
RODO/COURIER;LOCAL;094-MEDIANEIRA;TERÇA-FEIRA;10;quinta-feira;SEMANAL;094-MEDIANEIRA LOCAL
RODO/COURIER;LOCAL;094-MEDIANEIRA;QUINTA-FEIRA;10;sábado;SEMANAL;094-MEDIANEIRA LOCAL
RODO/COURIER;LOCAL;094-MEDIANEIRA;SÁBADO;13;terça-feira;SEMANAL;094-MEDIANEIRA LOCAL
RODO/COURIER;LOCAL;094-NAVIRAI;TERÇA-FEIRA;6;quinta-feira;SEMANAL;094-NAVIRAI LOCAL
RODO/COURIER;LOCAL;094-NAVIRAI;QUINTA-FEIRA;6;sábado;SEMANAL;094-NAVIRAI LOCAL
RODO/COURIER;LOCAL;094-NAVIRAI;SÁBADO;6;terça-feira;SEMANAL;094-NAVIRAI LOCAL
RODO/COURIER;LOCAL;094-NOVA LONDRINA;QUARTA-FEIRA;18;sexta-feira;SEMANAL;094-NOVA LONDRINA LOCAL
RODO/COURIER;LOCAL;094-NOVA LONDRINA;SÁBADO;13;terça-feira;SEMANAL;094-NOVA LONDRINA LOCAL
RODO/COURIER;LOCAL;094-PALMITAL;TERÇA-FEIRA;18;quinta-feira;SEMANAL;094-PALMITAL LOCAL
RODO/COURIER;LOCAL;094-PALMITAL;QUINTA-FEIRA;18;sábado;SEMANAL;094-PALMITAL LOCAL
RODO/COURIER;LOCAL;094-PALMITAL;SÁBADO;16;terça-feira;SEMANAL;094-PALMITAL LOCAL
RODO/COURIER;LOCAL;094-PIRAJU A;SEGUNDA-FEIRA;18;quarta-feira;SEMANAL;094-PIRAJU A LOCAL
RODO/COURIER;LOCAL;094-PIRAJU A;QUARTA-FEIRA;18;sexta-feira;SEMANAL;094-PIRAJU A LOCAL
RODO/COURIER;LOCAL;094-PIRAJU A;SEXTA-FEIRA;18;segunda-feira;SEMANAL;094-PIRAJU A LOCAL
RODO/COURIER;LOCAL;094-PIRAJU B;SEGUNDA-FEIRA;18;quarta-feira;SEMANAL;094-PIRAJU B LOCAL
RODO/COURIER;LOCAL;094-PIRAJU B;QUARTA-FEIRA;18;sexta-feira;SEMANAL;094-PIRAJU B LOCAL
RODO/COURIER;LOCAL;094-PIRAJU B;SEXTA-FEIRA;18;segunda-feira;SEMANAL;094-PIRAJU B LOCAL
RODO/COURIER;LOCAL;094-PIRAJU C;SEGUNDA-FEIRA;18;quarta-feira;SEMANAL;094-PIRAJU C LOCAL
RODO/COURIER;LOCAL;094-PIRAJU C;QUARTA-FEIRA;18;sexta-feira;SEMANAL;094-PIRAJU C LOCAL
RODO/COURIER;LOCAL;094-PIRAJU C;SEXTA-FEIRA;18;segunda-feira;SEMANAL;094-PIRAJU C LOCAL
RODO/COURIER;LOCAL;094-PIRAJU D;SEGUNDA-FEIRA;18;quarta-feira;SEMANAL;094-PIRAJU D LOCAL
RODO/COURIER;LOCAL;094-PIRAJU D;QUARTA-FEIRA;18;sexta-feira;SEMANAL;094-PIRAJU D LOCAL
RODO/COURIER;LOCAL;094-PIRAJU D;SEXTA-FEIRA;18;segunda-feira;SEMANAL;094-PIRAJU D LOCAL
RODO/COURIER;LOCAL;094-PIRAJU E;SEGUNDA-FEIRA;18;quarta-feira;SEMANAL;094-PIRAJU E LOCAL
RODO/COURIER;LOCAL;094-PIRAJU E;QUARTA-FEIRA;18;sexta-feira;SEMANAL;094-PIRAJU E LOCAL
RODO/COURIER;LOCAL;094-PIRAJU E;SEXTA-FEIRA;18;segunda-feira;SEMANAL;094-PIRAJU E LOCAL
RODO/COURIER;LOCAL;094-PIRAJU F;SEGUNDA-FEIRA;18;quarta-feira;SEMANAL;094-PIRAJU F LOCAL
RODO/COURIER;LOCAL;094-PIRAJU F;QUARTA-FEIRA;18;sexta-feira;SEMANAL;094-PIRAJU F LOCAL
RODO/COURIER;LOCAL;094-PIRAJU F;SEXTA-FEIRA;18;segunda-feira;SEMANAL;094-PIRAJU F LOCAL
RODO/COURIER;LOCAL;094-PIRAJU G;SEGUNDA-FEIRA;18;quarta-feira;SEMANAL;094-PIRAJU G LOCAL
RODO/COURIER;LOCAL;094-PIRAJU G;QUARTA-FEIRA;18;sexta-feira;SEMANAL;094-PIRAJU G LOCAL
RODO/COURIER;LOCAL;094-PIRAJU G;SEXTA-FEIRA;18;segunda-feira;SEMANAL;094-PIRAJU G LOCAL
RODO/COURIER;LOCAL;094-PIRAJU H;SEGUNDA-FEIRA;18;quarta-feira;SEMANAL;094-PIRAJU H LOCAL
RODO/COURIER;LOCAL;094-PIRAJU H;QUARTA-FEIRA;18;sexta-feira;SEMANAL;094-PIRAJU H LOCAL
RODO/COURIER;LOCAL;094-PIRAJU H;SEXTA-FEIRA;18;segunda-feira;SEMANAL;094-PIRAJU H LOCAL
RODO/COURIER;LOCAL;094-PIRAJU I;SEGUNDA-FEIRA;18;quarta-feira;SEMANAL;094-PIRAJU I LOCAL
RODO/COURIER;LOCAL;094-PIRAJU I;QUARTA-FEIRA;18;sexta-feira;SEMANAL;094-PIRAJU I LOCAL
RODO/COURIER;LOCAL;094-PIRAJU I;SEXTA-FEIRA;18;segunda-feira;SEMANAL;094-PIRAJU I LOCAL
RODO/COURIER;LOCAL;094-PIRAPOZINHO;SEGUNDA-FEIRA;20;quarta-feira;SEMANAL;094-PIRAPOZINHO LOCAL
RODO/COURIER;LOCAL;094-PIRAPOZINHO;QUARTA-FEIRA;20;sexta-feira;SEMANAL;094-PIRAPOZINHO LOCAL
RODO/COURIER;LOCAL;094-PIRAPOZINHO;SEXTA-FEIRA;20;segunda-feira;SEMANAL;094-PIRAPOZINHO LOCAL
RODO/COURIER;LOCAL;094-PONTA PORA A;TERÇA-FEIRA;6;quinta-feira;SEMANAL;094-PONTA PORA A LOCAL
RODO/COURIER;LOCAL;094-PONTA PORA A;QUINTA-FEIRA;6;sábado;SEMANAL;094-PONTA PORA A LOCAL
RODO/COURIER;LOCAL;094-PONTA PORA A;SÁBADO;6;terça-feira;SEMANAL;094-PONTA PORA A LOCAL
RODO/COURIER;LOCAL;094-PONTA PORA B;TERÇA-FEIRA;6;quinta-feira;SEMANAL;094-PONTA PORA B LOCAL
RODO/COURIER;LOCAL;094-PONTA PORA B;QUINTA-FEIRA;6;sábado;SEMANAL;094-PONTA PORA B LOCAL
RODO/COURIER;LOCAL;094-PONTA PORA B;SÁBADO;6;terça-feira;SEMANAL;094-PONTA PORA B LOCAL
RODO/COURIER;LOCAL;094-PONTA PORA C;TERÇA-FEIRA;6;quinta-feira;SEMANAL;094-PONTA PORA C LOCAL
RODO/COURIER;LOCAL;094-PONTA PORA C;QUINTA-FEIRA;6;sábado;SEMANAL;094-PONTA PORA C LOCAL
RODO/COURIER;LOCAL;094-PONTA PORA C;SÁBADO;6;terça-feira;SEMANAL;094-PONTA PORA C LOCAL
RODO/COURIER;LOCAL;094-PONTA PORA D;TERÇA-FEIRA;6;quinta-feira;SEMANAL;094-PONTA PORA D LOCAL
RODO/COURIER;LOCAL;094-PONTA PORA D;QUINTA-FEIRA;6;sábado;SEMANAL;094-PONTA PORA D LOCAL
RODO/COURIER;LOCAL;094-PONTA PORA D;SÁBADO;6;terça-feira;SEMANAL;094-PONTA PORA D LOCAL
RODO/COURIER;LOCAL;094-PONTA PORA E;TERÇA-FEIRA;6;quinta-feira;SEMANAL;094-PONTA PORA E LOCAL
RODO/COURIER;LOCAL;094-PONTA PORA E;QUINTA-FEIRA;6;sábado;SEMANAL;094-PONTA PORA E LOCAL
RODO/COURIER;LOCAL;094-PONTA PORA E;SÁBADO;6;terça-feira;SEMANAL;094-PONTA PORA E LOCAL
RODO/COURIER;LOCAL;094-PONTA PORA F;TERÇA-FEIRA;6;quinta-feira;SEMANAL;094-PONTA PORA F LOCAL
RODO/COURIER;LOCAL;094-PONTA PORA F;QUINTA-FEIRA;6;sábado;SEMANAL;094-PONTA PORA F LOCAL
RODO/COURIER;LOCAL;094-PONTA PORA F;SÁBADO;6;terça-feira;SEMANAL;094-PONTA PORA F LOCAL
RODO/COURIER;LOCAL;094-PONTA PORA G;TERÇA-FEIRA;6;quinta-feira;SEMANAL;094-PONTA PORA G LOCAL
RODO/COURIER;LOCAL;094-PONTA PORA G;QUINTA-FEIRA;6;sábado;SEMANAL;094-PONTA PORA G LOCAL
RODO/COURIER;LOCAL;094-PONTA PORA G;SÁBADO;6;terça-feira;SEMANAL;094-PONTA PORA G LOCAL
RODO/COURIER;LOCAL;094-REGENTE FEIJO;SEGUNDA-FEIRA;0;terça-feira;SEMANAL;094-REGENTE FEIJO LOCAL
RODO/COURIER;LOCAL;094-REGENTE FEIJO;TERÇA-FEIRA;20;quinta-feira;SEMANAL;094-REGENTE FEIJO LOCAL
RODO/COURIER;LOCAL;094-REGENTE FEIJO;QUINTA-FEIRA;20;sábado;SEMANAL;094-REGENTE FEIJO LOCAL
RODO/COURIER;LOCAL;094-SANTA HELENA;SEGUNDA-FEIRA;12;quarta-feira;SEMANAL;094-SANTA HELENA LOCAL
RODO/COURIER;LOCAL;094-SANTA HELENA;QUARTA-FEIRA;12;sexta-feira;SEMANAL;094-SANTA HELENA LOCAL
RODO/COURIER;LOCAL;094-SANTA HELENA;SEXTA-FEIRA;12;segunda-feira;SEMANAL;094-SANTA HELENA LOCAL
RODO/COURIER;LOCAL;094-SANTA TEREZINHA DE ITAIPU;TERÇA-FEIRA;13;quinta-feira;SEMANAL;094-SANTA TEREZINHA DE ITAIPU LOCAL
RODO/COURIER;LOCAL;094-SANTA TEREZINHA DE ITAIPU;QUINTA-FEIRA;13;sábado;SEMANAL;094-SANTA TEREZINHA DE ITAIPU LOCAL
RODO/COURIER;LOCAL;094-SANTA TEREZINHA DE ITAIPU;SÁBADO;13;terça-feira;SEMANAL;094-SANTA TEREZINHA DE ITAIPU LOCAL
RODO/COURIER;LOCAL;094-SANTO ANASTACIO;SEGUNDA-FEIRA;0;terça-feira;SEMANAL;094-SANTO ANASTACIO LOCAL
RODO/COURIER;LOCAL;094-SANTO ANASTACIO;TERÇA-FEIRA;20;quinta-feira;SEMANAL;094-SANTO ANASTACIO LOCAL
RODO/COURIER;LOCAL;094-SANTO ANASTACIO;QUINTA-FEIRA;20;sábado;SEMANAL;094-SANTO ANASTACIO LOCAL
RODO/COURIER;LOCAL;094-SAO MIGUEL DO IGUACU;TERÇA-FEIRA;10;quinta-feira;SEMANAL;094-SAO MIGUEL DO IGUACU LOCAL
RODO/COURIER;LOCAL;094-SAO MIGUEL DO IGUACU;QUINTA-FEIRA;10;sábado;SEMANAL;094-SAO MIGUEL DO IGUACU LOCAL
RODO/COURIER;LOCAL;094-SAO MIGUEL DO IGUACU;SÁBADO;13;terça-feira;SEMANAL;094-SAO MIGUEL DO IGUACU LOCAL
RODO/COURIER;LOCAL;094-SIQUEIRA CAMPOS;TERÇA-FEIRA;20;quinta-feira;SEMANAL;094-SIQUEIRA CAMPOS LOCAL
RODO/COURIER;LOCAL;094-SIQUEIRA CAMPOS;QUINTA-FEIRA;20;sábado;SEMANAL;094-SIQUEIRA CAMPOS LOCAL
RODO/COURIER;LOCAL;094-SIQUEIRA CAMPOS;SÁBADO;16;terça-feira;SEMANAL;094-SIQUEIRA CAMPOS LOCAL
RODO/COURIER;LOCAL;094-TAQUARITUBA;SEGUNDA-FEIRA;18;quarta-feira;SEMANAL;094-TAQUARITUBA LOCAL
RODO/COURIER;LOCAL;094-TAQUARITUBA;QUARTA-FEIRA;18;sexta-feira;SEMANAL;094-TAQUARITUBA LOCAL
RODO/COURIER;LOCAL;094-TAQUARITUBA;SEXTA-FEIRA;18;segunda-feira;SEMANAL;094-TAQUARITUBA LOCAL
RODO/COURIER;LOCAL;094-TEODORO SAMPAIO;SEGUNDA-FEIRA;0;quarta-feira;SEMANAL;094-TEODORO SAMPAIO LOCAL
RODO/COURIER;LOCAL;094-TEODORO SAMPAIO;QUARTA-FEIRA;0;sexta-feira;SEMANAL;094-TEODORO SAMPAIO LOCAL
RODO/COURIER;LOCAL;094-TEODORO SAMPAIO;SEXTA-FEIRA;0;segunda-feira;SEMANAL;094-TEODORO SAMPAIO LOCAL
RODO/COURIER;LOCAL;094-TERRA ROXA;SEGUNDA-FEIRA;9;quarta-feira;SEMANAL;094-TERRA ROXA LOCAL
RODO/COURIER;LOCAL;094-TERRA ROXA;QUARTA-FEIRA;9;sexta-feira;SEMANAL;094-TERRA ROXA LOCAL
RODO/COURIER;LOCAL;094-TERRA ROXA;SEXTA-FEIRA;9;segunda-feira;SEMANAL;094-TERRA ROXA LOCAL
RODO/COURIER;LOCAL;094-TUPA B;SEGUNDA-FEIRA;18;quarta-feira;SEMANAL;094-TUPA B LOCAL
RODO/COURIER;LOCAL;094-TUPA B;QUARTA-FEIRA;18;sexta-feira;SEMANAL;094-TUPA B LOCAL
RODO/COURIER;LOCAL;094-TUPA B;SEXTA-FEIRA;18;segunda-feira;SEMANAL;094-TUPA B LOCAL
RODO/COURIER;LOCAL;094-TUPA C;SEGUNDA-FEIRA;18;quarta-feira;SEMANAL;094-TUPA C LOCAL
RODO/COURIER;LOCAL;094-TUPA C;QUARTA-FEIRA;18;sexta-feira;SEMANAL;094-TUPA C LOCAL
RODO/COURIER;LOCAL;094-TUPA C;SEXTA-FEIRA;18;segunda-feira;SEMANAL;094-TUPA C LOCAL
RODO/COURIER;LOCAL;094-TUPA D;SEGUNDA-FEIRA;18;quarta-feira;SEMANAL;094-TUPA D LOCAL
RODO/COURIER;LOCAL;094-TUPA D;QUARTA-FEIRA;18;sexta-feira;SEMANAL;094-TUPA D LOCAL
RODO/COURIER;LOCAL;094-TUPA D;SEXTA-FEIRA;18;segunda-feira;SEMANAL;094-TUPA D LOCAL
RODO/COURIER;LOCAL;094-TUPA E;SEGUNDA-FEIRA;18;quarta-feira;SEMANAL;094-TUPA E LOCAL
RODO/COURIER;LOCAL;094-TUPA E;QUARTA-FEIRA;18;sexta-feira;SEMANAL;094-TUPA E LOCAL
RODO/COURIER;LOCAL;094-TUPA E;SEXTA-FEIRA;18;segunda-feira;SEMANAL;094-TUPA E LOCAL
RODO/COURIER;LOCAL;094-TUPA F;SEGUNDA-FEIRA;18;quarta-feira;SEMANAL;094-TUPA F LOCAL
RODO/COURIER;LOCAL;094-TUPA F;QUARTA-FEIRA;18;sexta-feira;SEMANAL;094-TUPA F LOCAL
RODO/COURIER;LOCAL;094-TUPA F;SEXTA-FEIRA;18;segunda-feira;SEMANAL;094-TUPA F LOCAL
RODO/COURIER;LOCAL;094-TUPA G;SEGUNDA-FEIRA;18;quarta-feira;SEMANAL;094-TUPA G LOCAL
RODO/COURIER;LOCAL;094-TUPA G;QUARTA-FEIRA;18;sexta-feira;SEMANAL;094-TUPA G LOCAL
RODO/COURIER;LOCAL;094-TUPA G;SEXTA-FEIRA;18;segunda-feira;SEMANAL;094-TUPA G LOCAL
RODO/COURIER;LOCAL;094-TUPA H;SEGUNDA-FEIRA;18;quarta-feira;SEMANAL;094-TUPA H LOCAL
RODO/COURIER;LOCAL;094-TUPA H;QUARTA-FEIRA;18;sexta-feira;SEMANAL;094-TUPA H LOCAL
RODO/COURIER;LOCAL;094-TUPA H;SEXTA-FEIRA;18;segunda-feira;SEMANAL;094-TUPA H LOCAL
RODO/COURIER;LOCAL;094-TUPA I;SEGUNDA-FEIRA;18;quarta-feira;SEMANAL;094-TUPA I LOCAL
RODO/COURIER;LOCAL;094-TUPA I;QUARTA-FEIRA;18;sexta-feira;SEMANAL;094-TUPA I LOCAL
RODO/COURIER;LOCAL;094-TUPA I;SEXTA-FEIRA;18;segunda-feira;SEMANAL;094-TUPA I LOCAL
RODO/COURIER;LOCAL;095-AQUIDAUANA;SEGUNDA-FEIRA;11;quarta-feira;SEMANAL;095-AQUIDAUANA LOCAL
RODO/COURIER;LOCAL;095-AQUIDAUANA;QUARTA-FEIRA;11;sexta-feira;SEMANAL;095-AQUIDAUANA LOCAL
RODO/COURIER;LOCAL;095-AQUIDAUANA;SEXTA-FEIRA;11;segunda-feira;SEMANAL;095-AQUIDAUANA LOCAL
RODO/COURIER;LOCAL;095-CORUMBA;TERÇA-FEIRA;11;quinta-feira;SEMANAL;095-CORUMBA LOCAL
RODO/COURIER;LOCAL;095-CORUMBA;QUINTA-FEIRA;11;sábado;SEMANAL;095-CORUMBA LOCAL
RODO/COURIER;LOCAL;095-CORUMBA;SÁBADO;11;terça-feira;SEMANAL;095-CORUMBA LOCAL
RODO/COURIER;LOCAL;095-COXIM;QUARTA-FEIRA;11;sexta-feira;SEMANAL;095-COXIM LOCAL
RODO/COURIER;LOCAL;095-COXIM;SÁBADO;11;terça-feira;SEMANAL;095-COXIM LOCAL
RODO/COURIER;LOCAL;095-SIDROLANDIA;SEGUNDA-FEIRA;11;quarta-feira;SEMANAL;095-SIDROLANDIA LOCAL
RODO/COURIER;LOCAL;095-SIDROLANDIA;QUARTA-FEIRA;11;sexta-feira;SEMANAL;095-SIDROLANDIA LOCAL
RODO/COURIER;LOCAL;095-SIDROLANDIA;SEXTA-FEIRA;11;segunda-feira;SEMANAL;095-SIDROLANDIA LOCAL
RODO/COURIER;LOCAL - D1;094-CAMBE A;SEGUNDA-FEIRA;0;segunda-feira;SEMANAL;094-CAMBE A LOCAL - D1
RODO/COURIER;LOCAL - D1;094-CAMBE A;TERÇA-FEIRA;0;terça-feira;SEMANAL;094-CAMBE A LOCAL - D1
RODO/COURIER;LOCAL - D1;094-CAMBE A;QUARTA-FEIRA;0;quarta-feira;SEMANAL;094-CAMBE A LOCAL - D1
RODO/COURIER;LOCAL - D1;094-CAMBE A;QUINTA-FEIRA;0;quinta-feira;SEMANAL;094-CAMBE A LOCAL - D1
RODO/COURIER;LOCAL - D1;094-CAMBE A;SEXTA-FEIRA;0;sexta-feira;SEMANAL;094-CAMBE A LOCAL - D1
RODO/COURIER;LOCAL - D1;094-CAMBE A;SÁBADO;0;sábado;SEMANAL;094-CAMBE A LOCAL - D1
RODO/COURIER;LOCAL - D1;094-CAMBE B;SEGUNDA-FEIRA;0;segunda-feira;SEMANAL;094-CAMBE B LOCAL - D1
RODO/COURIER;LOCAL - D1;094-CAMBE B;TERÇA-FEIRA;0;terça-feira;SEMANAL;094-CAMBE B LOCAL - D1
RODO/COURIER;LOCAL - D1;094-CAMBE B;QUARTA-FEIRA;0;quarta-feira;SEMANAL;094-CAMBE B LOCAL - D1
RODO/COURIER;LOCAL - D1;094-CAMBE B;QUINTA-FEIRA;0;quinta-feira;SEMANAL;094-CAMBE B LOCAL - D1
RODO/COURIER;LOCAL - D1;094-CAMBE B;SEXTA-FEIRA;0;sexta-feira;SEMANAL;094-CAMBE B LOCAL - D1
RODO/COURIER;LOCAL - D1;094-CAMBE B;SÁBADO;0;sábado;SEMANAL;094-CAMBE B LOCAL - D1
RODO/COURIER;LOCAL - D1;094-CAMBE C;SEGUNDA-FEIRA;0;segunda-feira;SEMANAL;094-CAMBE C LOCAL - D1
RODO/COURIER;LOCAL - D1;094-CAMBE C;TERÇA-FEIRA;0;terça-feira;SEMANAL;094-CAMBE C LOCAL - D1
RODO/COURIER;LOCAL - D1;094-CAMBE C;QUARTA-FEIRA;0;quarta-feira;SEMANAL;094-CAMBE C LOCAL - D1
RODO/COURIER;LOCAL - D1;094-CAMBE C;QUINTA-FEIRA;0;quinta-feira;SEMANAL;094-CAMBE C LOCAL - D1
RODO/COURIER;LOCAL - D1;094-CAMBE C;SEXTA-FEIRA;0;sexta-feira;SEMANAL;094-CAMBE C LOCAL - D1
RODO/COURIER;LOCAL - D1;094-CAMBE C;SÁBADO;0;sábado;SEMANAL;094-CAMBE C LOCAL - D1
RODO/COURIER;LOCAL - D1;094-CAMBE D;SEGUNDA-FEIRA;0;segunda-feira;SEMANAL;094-CAMBE D LOCAL - D1
RODO/COURIER;LOCAL - D1;094-CAMBE D;TERÇA-FEIRA;0;terça-feira;SEMANAL;094-CAMBE D LOCAL - D1
RODO/COURIER;LOCAL - D1;094-CAMBE D;QUARTA-FEIRA;0;quarta-feira;SEMANAL;094-CAMBE D LOCAL - D1
RODO/COURIER;LOCAL - D1;094-CAMBE D;QUINTA-FEIRA;0;quinta-feira;SEMANAL;094-CAMBE D LOCAL - D1
RODO/COURIER;LOCAL - D1;094-CAMBE D;SEXTA-FEIRA;0;sexta-feira;SEMANAL;094-CAMBE D LOCAL - D1
RODO/COURIER;LOCAL - D1;094-CAMBE D;SÁBADO;0;sábado;SEMANAL;094-CAMBE D LOCAL - D1
RODO/COURIER;LOCAL - D1;094-CAMBE E;SEGUNDA-FEIRA;0;segunda-feira;SEMANAL;094-CAMBE E LOCAL - D1
RODO/COURIER;LOCAL - D1;094-CAMBE E;TERÇA-FEIRA;0;terça-feira;SEMANAL;094-CAMBE E LOCAL - D1
RODO/COURIER;LOCAL - D1;094-CAMBE E;QUARTA-FEIRA;0;quarta-feira;SEMANAL;094-CAMBE E LOCAL - D1
RODO/COURIER;LOCAL - D1;094-CAMBE E;QUINTA-FEIRA;0;quinta-feira;SEMANAL;094-CAMBE E LOCAL - D1
RODO/COURIER;LOCAL - D1;094-CAMBE E;SEXTA-FEIRA;0;sexta-feira;SEMANAL;094-CAMBE E LOCAL - D1
RODO/COURIER;LOCAL - D1;094-CAMBE E;SÁBADO;0;sábado;SEMANAL;094-CAMBE E LOCAL - D1
RODO/COURIER;LOCAL - D1;094-CAMBE F;SEGUNDA-FEIRA;0;segunda-feira;SEMANAL;094-CAMBE F LOCAL - D1
RODO/COURIER;LOCAL - D1;094-CAMBE F;TERÇA-FEIRA;0;terça-feira;SEMANAL;094-CAMBE F LOCAL - D1
RODO/COURIER;LOCAL - D1;094-CAMBE F;QUARTA-FEIRA;0;quarta-feira;SEMANAL;094-CAMBE F LOCAL - D1
RODO/COURIER;LOCAL - D1;094-CAMBE F;QUINTA-FEIRA;0;quinta-feira;SEMANAL;094-CAMBE F LOCAL - D1
RODO/COURIER;LOCAL - D1;094-CAMBE F;SEXTA-FEIRA;0;sexta-feira;SEMANAL;094-CAMBE F LOCAL - D1
RODO/COURIER;LOCAL - D1;094-CAMBE F;SÁBADO;0;sábado;SEMANAL;094-CAMBE F LOCAL - D1
RODO/COURIER;LOCAL - D1;094-CAMBE G;SEGUNDA-FEIRA;0;segunda-feira;SEMANAL;094-CAMBE G LOCAL - D1
RODO/COURIER;LOCAL - D1;094-CAMBE G;TERÇA-FEIRA;0;terça-feira;SEMANAL;094-CAMBE G LOCAL - D1
RODO/COURIER;LOCAL - D1;094-CAMBE G;QUARTA-FEIRA;0;quarta-feira;SEMANAL;094-CAMBE G LOCAL - D1
RODO/COURIER;LOCAL - D1;094-CAMBE G;QUINTA-FEIRA;0;quinta-feira;SEMANAL;094-CAMBE G LOCAL - D1
RODO/COURIER;LOCAL - D1;094-CAMBE G;SEXTA-FEIRA;0;sexta-feira;SEMANAL;094-CAMBE G LOCAL - D1
RODO/COURIER;LOCAL - D1;094-CAMBE G;SÁBADO;0;sábado;SEMANAL;094-CAMBE G LOCAL - D1
RODO/COURIER;LOCAL - D1;094-CAMBE H;SEGUNDA-FEIRA;0;segunda-feira;SEMANAL;094-CAMBE H LOCAL - D1
RODO/COURIER;LOCAL - D1;094-CAMBE H;TERÇA-FEIRA;0;terça-feira;SEMANAL;094-CAMBE H LOCAL - D1
RODO/COURIER;LOCAL - D1;094-CAMBE H;QUARTA-FEIRA;0;quarta-feira;SEMANAL;094-CAMBE H LOCAL - D1
RODO/COURIER;LOCAL - D1;094-CAMBE H;QUINTA-FEIRA;0;quinta-feira;SEMANAL;094-CAMBE H LOCAL - D1
RODO/COURIER;LOCAL - D1;094-CAMBE H;SEXTA-FEIRA;0;sexta-feira;SEMANAL;094-CAMBE H LOCAL - D1
RODO/COURIER;LOCAL - D1;094-CAMBE H;SÁBADO;0;sábado;SEMANAL;094-CAMBE H LOCAL - D1
RODO/COURIER;LOCAL - D1;094-IBIPORA;SEGUNDA-FEIRA;0;segunda-feira;SEMANAL;094-IBIPORA LOCAL - D1
RODO/COURIER;LOCAL - D1;094-IBIPORA;TERÇA-FEIRA;0;terça-feira;SEMANAL;094-IBIPORA LOCAL - D1
RODO/COURIER;LOCAL - D1;094-IBIPORA;QUINTA-FEIRA;0;quinta-feira;SEMANAL;094-IBIPORA LOCAL - D1
RODO/COURIER;LOCAL - D1;094-IBIPORA;SEXTA-FEIRA;0;sexta-feira;SEMANAL;094-IBIPORA LOCAL - D1
RODO/COURIER;LOCAL - D1;094-LONDRINA A;SEGUNDA-FEIRA;0;segunda-feira;SEMANAL;094-LONDRINA A LOCAL - D1
RODO/COURIER;LOCAL - D1;094-LONDRINA A;TERÇA-FEIRA;0;terça-feira;SEMANAL;094-LONDRINA A LOCAL - D1
RODO/COURIER;LOCAL - D1;094-LONDRINA A;QUARTA-FEIRA;0;quarta-feira;SEMANAL;094-LONDRINA A LOCAL - D1
RODO/COURIER;LOCAL - D1;094-LONDRINA A;QUINTA-FEIRA;0;quinta-feira;SEMANAL;094-LONDRINA A LOCAL - D1
RODO/COURIER;LOCAL - D1;094-LONDRINA A;SEXTA-FEIRA;0;sexta-feira;SEMANAL;094-LONDRINA A LOCAL - D1
RODO/COURIER;LOCAL - D1;094-LONDRINA A;SÁBADO;0;sábado;SEMANAL;094-LONDRINA A LOCAL - D1
RODO/COURIER;LOCAL - D1;094-LONDRINA AA;SEGUNDA-FEIRA;0;segunda-feira;SEMANAL;094-LONDRINA AA LOCAL - D1
RODO/COURIER;LOCAL - D1;094-LONDRINA AA;TERÇA-FEIRA;0;terça-feira;SEMANAL;094-LONDRINA AA LOCAL - D1
RODO/COURIER;LOCAL - D1;094-LONDRINA AA;QUARTA-FEIRA;0;quarta-feira;SEMANAL;094-LONDRINA AA LOCAL - D1
RODO/COURIER;LOCAL - D1;094-LONDRINA AA;QUINTA-FEIRA;0;quinta-feira;SEMANAL;094-LONDRINA AA LOCAL - D1
RODO/COURIER;LOCAL - D1;094-LONDRINA AA;SEXTA-FEIRA;0;sexta-feira;SEMANAL;094-LONDRINA AA LOCAL - D1
RODO/COURIER;LOCAL - D1;094-LONDRINA AA;SÁBADO;0;sábado;SEMANAL;094-LONDRINA AA LOCAL - D1
RODO/COURIER;LOCAL - D1;094-LONDRINA AB;SEGUNDA-FEIRA;0;segunda-feira;SEMANAL;094-LONDRINA AB LOCAL - D1
RODO/COURIER;LOCAL - D1;094-LONDRINA AB;TERÇA-FEIRA;0;terça-feira;SEMANAL;094-LONDRINA AB LOCAL - D1
RODO/COURIER;LOCAL - D1;094-LONDRINA AB;QUARTA-FEIRA;0;quarta-feira;SEMANAL;094-LONDRINA AB LOCAL - D1
RODO/COURIER;LOCAL - D1;094-LONDRINA AB;QUINTA-FEIRA;0;quinta-feira;SEMANAL;094-LONDRINA AB LOCAL - D1
RODO/COURIER;LOCAL - D1;094-LONDRINA AB;SEXTA-FEIRA;0;sexta-feira;SEMANAL;094-LONDRINA AB LOCAL - D1
RODO/COURIER;LOCAL - D1;094-LONDRINA AB;SÁBADO;0;sábado;SEMANAL;094-LONDRINA AB LOCAL - D1
RODO/COURIER;LOCAL - D1;094-LONDRINA AC;SEGUNDA-FEIRA;0;segunda-feira;SEMANAL;094-LONDRINA AC LOCAL - D1
RODO/COURIER;LOCAL - D1;094-LONDRINA AC;TERÇA-FEIRA;0;terça-feira;SEMANAL;094-LONDRINA AC LOCAL - D1
RODO/COURIER;LOCAL - D1;094-LONDRINA AC;QUARTA-FEIRA;0;quarta-feira;SEMANAL;094-LONDRINA AC LOCAL - D1
RODO/COURIER;LOCAL - D1;094-LONDRINA AC;QUINTA-FEIRA;0;quinta-feira;SEMANAL;094-LONDRINA AC LOCAL - D1
RODO/COURIER;LOCAL - D1;094-LONDRINA AC;SEXTA-FEIRA;0;sexta-feira;SEMANAL;094-LONDRINA AC LOCAL - D1
RODO/COURIER;LOCAL - D1;094-LONDRINA AC;SÁBADO;0;sábado;SEMANAL;094-LONDRINA AC LOCAL - D1
RODO/COURIER;LOCAL - D1;094-LONDRINA AD;SEGUNDA-FEIRA;0;segunda-feira;SEMANAL;094-LONDRINA AD LOCAL - D1
RODO/COURIER;LOCAL - D1;094-LONDRINA AD;TERÇA-FEIRA;0;terça-feira;SEMANAL;094-LONDRINA AD LOCAL - D1
RODO/COURIER;LOCAL - D1;094-LONDRINA AD;QUARTA-FEIRA;0;quarta-feira;SEMANAL;094-LONDRINA AD LOCAL - D1
RODO/COURIER;LOCAL - D1;094-LONDRINA AD;QUINTA-FEIRA;0;quinta-feira;SEMANAL;094-LONDRINA AD LOCAL - D1
RODO/COURIER;LOCAL - D1;094-LONDRINA AD;SEXTA-FEIRA;0;sexta-feira;SEMANAL;094-LONDRINA AD LOCAL - D1
RODO/COURIER;LOCAL - D1;094-LONDRINA AD;SÁBADO;0;sábado;SEMANAL;094-LONDRINA AD LOCAL - D1
RODO/COURIER;LOCAL - D1;094-LONDRINA AE;SEGUNDA-FEIRA;0;segunda-feira;SEMANAL;094-LONDRINA AE LOCAL - D1
RODO/COURIER;LOCAL - D1;094-LONDRINA AE;TERÇA-FEIRA;0;terça-feira;SEMANAL;094-LONDRINA AE LOCAL - D1
RODO/COURIER;LOCAL - D1;094-LONDRINA AE;QUARTA-FEIRA;0;quarta-feira;SEMANAL;094-LONDRINA AE LOCAL - D1
RODO/COURIER;LOCAL - D1;094-LONDRINA AE;QUINTA-FEIRA;0;quinta-feira;SEMANAL;094-LONDRINA AE LOCAL - D1
RODO/COURIER;LOCAL - D1;094-LONDRINA AE;SEXTA-FEIRA;0;sexta-feira;SEMANAL;094-LONDRINA AE LOCAL - D1
RODO/COURIER;LOCAL - D1;094-LONDRINA AE;SÁBADO;0;sábado;SEMANAL;094-LONDRINA AE LOCAL - D1
RODO/COURIER;LOCAL - D1;094-LONDRINA AF;SEGUNDA-FEIRA;0;segunda-feira;SEMANAL;094-LONDRINA AF LOCAL - D1
RODO/COURIER;LOCAL - D1;094-LONDRINA AF;TERÇA-FEIRA;0;terça-feira;SEMANAL;094-LONDRINA AF LOCAL - D1
RODO/COURIER;LOCAL - D1;094-LONDRINA AF;QUARTA-FEIRA;0;quarta-feira;SEMANAL;094-LONDRINA AF LOCAL - D1
RODO/COURIER;LOCAL - D1;094-LONDRINA AF;QUINTA-FEIRA;0;quinta-feira;SEMANAL;094-LONDRINA AF LOCAL - D1
RODO/COURIER;LOCAL - D1;094-LONDRINA AF;SEXTA-FEIRA;0;sexta-feira;SEMANAL;094-LONDRINA AF LOCAL - D1
RODO/COURIER;LOCAL - D1;094-LONDRINA AF;SÁBADO;0;sábado;SEMANAL;094-LONDRINA AF LOCAL - D1
RODO/COURIER;LOCAL - D1;094-LONDRINA AG;SEGUNDA-FEIRA;0;segunda-feira;SEMANAL;094-LONDRINA AG LOCAL - D1
RODO/COURIER;LOCAL - D1;094-LONDRINA AG;TERÇA-FEIRA;0;terça-feira;SEMANAL;094-LONDRINA AG LOCAL - D1
RODO/COURIER;LOCAL - D1;094-LONDRINA AG;QUARTA-FEIRA;0;quarta-feira;SEMANAL;094-LONDRINA AG LOCAL - D1
RODO/COURIER;LOCAL - D1;094-LONDRINA AG;QUINTA-FEIRA;0;quinta-feira;SEMANAL;094-LONDRINA AG LOCAL - D1
RODO/COURIER;LOCAL - D1;094-LONDRINA AG;SEXTA-FEIRA;0;sexta-feira;SEMANAL;094-LONDRINA AG LOCAL - D1
RODO/COURIER;LOCAL - D1;094-LONDRINA AG;SÁBADO;0;sábado;SEMANAL;094-LONDRINA AG LOCAL - D1
RODO/COURIER;LOCAL - D1;094-LONDRINA AH;SEGUNDA-FEIRA;0;segunda-feira;SEMANAL;094-LONDRINA AH LOCAL - D1
RODO/COURIER;LOCAL - D1;094-LONDRINA AH;TERÇA-FEIRA;0;terça-feira;SEMANAL;094-LONDRINA AH LOCAL - D1
RODO/COURIER;LOCAL - D1;094-LONDRINA AH;QUARTA-FEIRA;0;quarta-feira;SEMANAL;094-LONDRINA AH LOCAL - D1
RODO/COURIER;LOCAL - D1;094-LONDRINA AH;QUINTA-FEIRA;0;quinta-feira;SEMANAL;094-LONDRINA AH LOCAL - D1
RODO/COURIER;LOCAL - D1;094-LONDRINA AH;SEXTA-FEIRA;0;sexta-feira;SEMANAL;094-LONDRINA AH LOCAL - D1
RODO/COURIER;LOCAL - D1;094-LONDRINA AH;SÁBADO;0;sábado;SEMANAL;094-LONDRINA AH LOCAL - D1
RODO/COURIER;LOCAL - D1;094-LONDRINA AI;SEGUNDA-FEIRA;0;segunda-feira;SEMANAL;094-LONDRINA AI LOCAL - D1
RODO/COURIER;LOCAL - D1;094-LONDRINA AI;TERÇA-FEIRA;0;terça-feira;SEMANAL;094-LONDRINA AI LOCAL - D1
RODO/COURIER;LOCAL - D1;094-LONDRINA AI;QUARTA-FEIRA;0;quarta-feira;SEMANAL;094-LONDRINA AI LOCAL - D1
RODO/COURIER;LOCAL - D1;094-LONDRINA AI;QUINTA-FEIRA;0;quinta-feira;SEMANAL;094-LONDRINA AI LOCAL - D1
RODO/COURIER;LOCAL - D1;094-LONDRINA AI;SEXTA-FEIRA;0;sexta-feira;SEMANAL;094-LONDRINA AI LOCAL - D1
RODO/COURIER;LOCAL - D1;094-LONDRINA AI;SÁBADO;0;sábado;SEMANAL;094-LONDRINA AI LOCAL - D1
RODO/COURIER;LOCAL - D1;094-LONDRINA AJ;SEGUNDA-FEIRA;0;segunda-feira;SEMANAL;094-LONDRINA AJ LOCAL - D1
RODO/COURIER;LOCAL - D1;094-LONDRINA AJ;TERÇA-FEIRA;0;terça-feira;SEMANAL;094-LONDRINA AJ LOCAL - D1
RODO/COURIER;LOCAL - D1;094-LONDRINA AJ;QUARTA-FEIRA;0;quarta-feira;SEMANAL;094-LONDRINA AJ LOCAL - D1
RODO/COURIER;LOCAL - D1;094-LONDRINA AJ;QUINTA-FEIRA;0;quinta-feira;SEMANAL;094-LONDRINA AJ LOCAL - D1
RODO/COURIER;LOCAL - D1;094-LONDRINA AJ;SEXTA-FEIRA;0;sexta-feira;SEMANAL;094-LONDRINA AJ LOCAL - D1
RODO/COURIER;LOCAL - D1;094-LONDRINA AJ;SÁBADO;0;sábado;SEMANAL;094-LONDRINA AJ LOCAL - D1
RODO/COURIER;LOCAL - D1;094-LONDRINA B;SEGUNDA-FEIRA;0;segunda-feira;SEMANAL;094-LONDRINA B LOCAL - D1
RODO/COURIER;LOCAL - D1;094-LONDRINA B;TERÇA-FEIRA;0;terça-feira;SEMANAL;094-LONDRINA B LOCAL - D1
RODO/COURIER;LOCAL - D1;094-LONDRINA B;QUARTA-FEIRA;0;quarta-feira;SEMANAL;094-LONDRINA B LOCAL - D1
RODO/COURIER;LOCAL - D1;094-LONDRINA B;QUINTA-FEIRA;0;quinta-feira;SEMANAL;094-LONDRINA B LOCAL - D1
RODO/COURIER;LOCAL - D1;094-LONDRINA B;SEXTA-FEIRA;0;sexta-feira;SEMANAL;094-LONDRINA B LOCAL - D1
RODO/COURIER;LOCAL - D1;094-LONDRINA B;SÁBADO;0;sábado;SEMANAL;094-LONDRINA B LOCAL - D1
RODO/COURIER;LOCAL - D1;094-LONDRINA C;SEGUNDA-FEIRA;0;segunda-feira;SEMANAL;094-LONDRINA C LOCAL - D1
RODO/COURIER;LOCAL - D1;094-LONDRINA C;TERÇA-FEIRA;0;terça-feira;SEMANAL;094-LONDRINA C LOCAL - D1
RODO/COURIER;LOCAL - D1;094-LONDRINA C;QUARTA-FEIRA;0;quarta-feira;SEMANAL;094-LONDRINA C LOCAL - D1
RODO/COURIER;LOCAL - D1;094-LONDRINA C;QUINTA-FEIRA;0;quinta-feira;SEMANAL;094-LONDRINA C LOCAL - D1
RODO/COURIER;LOCAL - D1;094-LONDRINA C;SEXTA-FEIRA;0;sexta-feira;SEMANAL;094-LONDRINA C LOCAL - D1
RODO/COURIER;LOCAL - D1;094-LONDRINA C;SÁBADO;0;sábado;SEMANAL;094-LONDRINA C LOCAL - D1
RODO/COURIER;LOCAL - D1;094-LONDRINA D;SEGUNDA-FEIRA;0;segunda-feira;SEMANAL;094-LONDRINA D LOCAL - D1
RODO/COURIER;LOCAL - D1;094-LONDRINA D;TERÇA-FEIRA;0;terça-feira;SEMANAL;094-LONDRINA D LOCAL - D1
RODO/COURIER;LOCAL - D1;094-LONDRINA D;QUARTA-FEIRA;0;quarta-feira;SEMANAL;094-LONDRINA D LOCAL - D1
RODO/COURIER;LOCAL - D1;094-LONDRINA D;QUINTA-FEIRA;0;quinta-feira;SEMANAL;094-LONDRINA D LOCAL - D1
RODO/COURIER;LOCAL - D1;094-LONDRINA D;SEXTA-FEIRA;0;sexta-feira;SEMANAL;094-LONDRINA D LOCAL - D1
RODO/COURIER;LOCAL - D1;094-LONDRINA D;SÁBADO;0;sábado;SEMANAL;094-LONDRINA D LOCAL - D1
RODO/COURIER;LOCAL - D1;094-LONDRINA E;SEGUNDA-FEIRA;0;segunda-feira;SEMANAL;094-LONDRINA E LOCAL - D1
RODO/COURIER;LOCAL - D1;094-LONDRINA E;TERÇA-FEIRA;0;terça-feira;SEMANAL;094-LONDRINA E LOCAL - D1
RODO/COURIER;LOCAL - D1;094-LONDRINA E;QUARTA-FEIRA;0;quarta-feira;SEMANAL;094-LONDRINA E LOCAL - D1
RODO/COURIER;LOCAL - D1;094-LONDRINA E;QUINTA-FEIRA;0;quinta-feira;SEMANAL;094-LONDRINA E LOCAL - D1
RODO/COURIER;LOCAL - D1;094-LONDRINA E;SEXTA-FEIRA;0;sexta-feira;SEMANAL;094-LONDRINA E LOCAL - D1
RODO/COURIER;LOCAL - D1;094-LONDRINA E;SÁBADO;0;sábado;SEMANAL;094-LONDRINA E LOCAL - D1
RODO/COURIER;LOCAL - D1;094-LONDRINA F;SEGUNDA-FEIRA;0;segunda-feira;SEMANAL;094-LONDRINA F LOCAL - D1
RODO/COURIER;LOCAL - D1;094-LONDRINA F;TERÇA-FEIRA;0;terça-feira;SEMANAL;094-LONDRINA F LOCAL - D1
RODO/COURIER;LOCAL - D1;094-LONDRINA F;QUARTA-FEIRA;0;quarta-feira;SEMANAL;094-LONDRINA F LOCAL - D1
RODO/COURIER;LOCAL - D1;094-LONDRINA F;QUINTA-FEIRA;0;quinta-feira;SEMANAL;094-LONDRINA F LOCAL - D1
RODO/COURIER;LOCAL - D1;094-LONDRINA F;SEXTA-FEIRA;0;sexta-feira;SEMANAL;094-LONDRINA F LOCAL - D1
RODO/COURIER;LOCAL - D1;094-LONDRINA F;SÁBADO;0;sábado;SEMANAL;094-LONDRINA F LOCAL - D1
RODO/COURIER;LOCAL - D1;094-LONDRINA G;SEGUNDA-FEIRA;0;segunda-feira;SEMANAL;094-LONDRINA G LOCAL - D1
RODO/COURIER;LOCAL - D1;094-LONDRINA G;TERÇA-FEIRA;0;terça-feira;SEMANAL;094-LONDRINA G LOCAL - D1
RODO/COURIER;LOCAL - D1;094-LONDRINA G;QUARTA-FEIRA;0;quarta-feira;SEMANAL;094-LONDRINA G LOCAL - D1
RODO/COURIER;LOCAL - D1;094-LONDRINA G;QUINTA-FEIRA;0;quinta-feira;SEMANAL;094-LONDRINA G LOCAL - D1
RODO/COURIER;LOCAL - D1;094-LONDRINA G;SEXTA-FEIRA;0;sexta-feira;SEMANAL;094-LONDRINA G LOCAL - D1
RODO/COURIER;LOCAL - D1;094-LONDRINA G;SÁBADO;0;sábado;SEMANAL;094-LONDRINA G LOCAL - D1
RODO/COURIER;LOCAL - D1;094-LONDRINA H;SEGUNDA-FEIRA;0;segunda-feira;SEMANAL;094-LONDRINA H LOCAL - D1
RODO/COURIER;LOCAL - D1;094-LONDRINA H;TERÇA-FEIRA;0;terça-feira;SEMANAL;094-LONDRINA H LOCAL - D1
RODO/COURIER;LOCAL - D1;094-LONDRINA H;QUARTA-FEIRA;0;quarta-feira;SEMANAL;094-LONDRINA H LOCAL - D1
RODO/COURIER;LOCAL - D1;094-LONDRINA H;QUINTA-FEIRA;0;quinta-feira;SEMANAL;094-LONDRINA H LOCAL - D1
RODO/COURIER;LOCAL - D1;094-LONDRINA H;SEXTA-FEIRA;0;sexta-feira;SEMANAL;094-LONDRINA H LOCAL - D1
RODO/COURIER;LOCAL - D1;094-LONDRINA H;SÁBADO;0;sábado;SEMANAL;094-LONDRINA H LOCAL - D1
RODO/COURIER;LOCAL - D1;094-LONDRINA I;SEGUNDA-FEIRA;0;segunda-feira;SEMANAL;094-LONDRINA I LOCAL - D1
RODO/COURIER;LOCAL - D1;094-LONDRINA I;TERÇA-FEIRA;0;terça-feira;SEMANAL;094-LONDRINA I LOCAL - D1
RODO/COURIER;LOCAL - D1;094-LONDRINA I;QUARTA-FEIRA;0;quarta-feira;SEMANAL;094-LONDRINA I LOCAL - D1
RODO/COURIER;LOCAL - D1;094-LONDRINA I;QUINTA-FEIRA;0;quinta-feira;SEMANAL;094-LONDRINA I LOCAL - D1
RODO/COURIER;LOCAL - D1;094-LONDRINA I;SEXTA-FEIRA;0;sexta-feira;SEMANAL;094-LONDRINA I LOCAL - D1
RODO/COURIER;LOCAL - D1;094-LONDRINA I;SÁBADO;0;sábado;SEMANAL;094-LONDRINA I LOCAL - D1
RODO/COURIER;LOCAL - D1;094-LONDRINA J;SEGUNDA-FEIRA;0;segunda-feira;SEMANAL;094-LONDRINA J LOCAL - D1
RODO/COURIER;LOCAL - D1;094-LONDRINA J;TERÇA-FEIRA;0;terça-feira;SEMANAL;094-LONDRINA J LOCAL - D1
RODO/COURIER;LOCAL - D1;094-LONDRINA J;QUARTA-FEIRA;0;quarta-feira;SEMANAL;094-LONDRINA J LOCAL - D1
RODO/COURIER;LOCAL - D1;094-LONDRINA J;QUINTA-FEIRA;0;quinta-feira;SEMANAL;094-LONDRINA J LOCAL - D1
RODO/COURIER;LOCAL - D1;094-LONDRINA J;SEXTA-FEIRA;0;sexta-feira;SEMANAL;094-LONDRINA J LOCAL - D1
RODO/COURIER;LOCAL - D1;094-LONDRINA J;SÁBADO;0;sábado;SEMANAL;094-LONDRINA J LOCAL - D1
RODO/COURIER;LOCAL - D1;094-LONDRINA K;SEGUNDA-FEIRA;0;segunda-feira;SEMANAL;094-LONDRINA K LOCAL - D1
RODO/COURIER;LOCAL - D1;094-LONDRINA K;TERÇA-FEIRA;0;terça-feira;SEMANAL;094-LONDRINA K LOCAL - D1
RODO/COURIER;LOCAL - D1;094-LONDRINA K;QUARTA-FEIRA;0;quarta-feira;SEMANAL;094-LONDRINA K LOCAL - D1
RODO/COURIER;LOCAL - D1;094-LONDRINA K;QUINTA-FEIRA;0;quinta-feira;SEMANAL;094-LONDRINA K LOCAL - D1
RODO/COURIER;LOCAL - D1;094-LONDRINA K;SEXTA-FEIRA;0;sexta-feira;SEMANAL;094-LONDRINA K LOCAL - D1
RODO/COURIER;LOCAL - D1;094-LONDRINA K;SÁBADO;0;sábado;SEMANAL;094-LONDRINA K LOCAL - D1
RODO/COURIER;LOCAL - D1;094-LONDRINA L;SEGUNDA-FEIRA;0;segunda-feira;SEMANAL;094-LONDRINA L LOCAL - D1
RODO/COURIER;LOCAL - D1;094-LONDRINA L;TERÇA-FEIRA;0;terça-feira;SEMANAL;094-LONDRINA L LOCAL - D1
RODO/COURIER;LOCAL - D1;094-LONDRINA L;QUARTA-FEIRA;0;quarta-feira;SEMANAL;094-LONDRINA L LOCAL - D1
RODO/COURIER;LOCAL - D1;094-LONDRINA L;QUINTA-FEIRA;0;quinta-feira;SEMANAL;094-LONDRINA L LOCAL - D1
RODO/COURIER;LOCAL - D1;094-LONDRINA L;SEXTA-FEIRA;0;sexta-feira;SEMANAL;094-LONDRINA L LOCAL - D1
RODO/COURIER;LOCAL - D1;094-LONDRINA L;SÁBADO;0;sábado;SEMANAL;094-LONDRINA L LOCAL - D1
RODO/COURIER;LOCAL - D1;094-LONDRINA M;SEGUNDA-FEIRA;0;segunda-feira;SEMANAL;094-LONDRINA M LOCAL - D1
RODO/COURIER;LOCAL - D1;094-LONDRINA M;TERÇA-FEIRA;0;terça-feira;SEMANAL;094-LONDRINA M LOCAL - D1
RODO/COURIER;LOCAL - D1;094-LONDRINA M;QUARTA-FEIRA;0;quarta-feira;SEMANAL;094-LONDRINA M LOCAL - D1
RODO/COURIER;LOCAL - D1;094-LONDRINA M;QUINTA-FEIRA;0;quinta-feira;SEMANAL;094-LONDRINA M LOCAL - D1
RODO/COURIER;LOCAL - D1;094-LONDRINA M;SEXTA-FEIRA;0;sexta-feira;SEMANAL;094-LONDRINA M LOCAL - D1
RODO/COURIER;LOCAL - D1;094-LONDRINA M;SÁBADO;0;sábado;SEMANAL;094-LONDRINA M LOCAL - D1
RODO/COURIER;LOCAL - D1;094-LONDRINA N;SEGUNDA-FEIRA;0;segunda-feira;SEMANAL;094-LONDRINA N LOCAL - D1
RODO/COURIER;LOCAL - D1;094-LONDRINA N;TERÇA-FEIRA;0;terça-feira;SEMANAL;094-LONDRINA N LOCAL - D1
RODO/COURIER;LOCAL - D1;094-LONDRINA N;QUARTA-FEIRA;0;quarta-feira;SEMANAL;094-LONDRINA N LOCAL - D1
RODO/COURIER;LOCAL - D1;094-LONDRINA N;QUINTA-FEIRA;0;quinta-feira;SEMANAL;094-LONDRINA N LOCAL - D1
RODO/COURIER;LOCAL - D1;094-LONDRINA N;SEXTA-FEIRA;0;sexta-feira;SEMANAL;094-LONDRINA N LOCAL - D1
RODO/COURIER;LOCAL - D1;094-LONDRINA N;SÁBADO;0;sábado;SEMANAL;094-LONDRINA N LOCAL - D1
RODO/COURIER;LOCAL - D1;094-LONDRINA O;SEGUNDA-FEIRA;0;segunda-feira;SEMANAL;094-LONDRINA O LOCAL - D1
RODO/COURIER;LOCAL - D1;094-LONDRINA O;TERÇA-FEIRA;0;terça-feira;SEMANAL;094-LONDRINA O LOCAL - D1
RODO/COURIER;LOCAL - D1;094-LONDRINA O;QUARTA-FEIRA;0;quarta-feira;SEMANAL;094-LONDRINA O LOCAL - D1
RODO/COURIER;LOCAL - D1;094-LONDRINA O;QUINTA-FEIRA;0;quinta-feira;SEMANAL;094-LONDRINA O LOCAL - D1
RODO/COURIER;LOCAL - D1;094-LONDRINA O;SEXTA-FEIRA;0;sexta-feira;SEMANAL;094-LONDRINA O LOCAL - D1
RODO/COURIER;LOCAL - D1;094-LONDRINA O;SÁBADO;0;sábado;SEMANAL;094-LONDRINA O LOCAL - D1
RODO/COURIER;LOCAL - D1;094-LONDRINA P;SEGUNDA-FEIRA;0;segunda-feira;SEMANAL;094-LONDRINA P LOCAL - D1
RODO/COURIER;LOCAL - D1;094-LONDRINA P;TERÇA-FEIRA;0;terça-feira;SEMANAL;094-LONDRINA P LOCAL - D1
RODO/COURIER;LOCAL - D1;094-LONDRINA P;QUARTA-FEIRA;0;quarta-feira;SEMANAL;094-LONDRINA P LOCAL - D1
RODO/COURIER;LOCAL - D1;094-LONDRINA P;QUINTA-FEIRA;0;quinta-feira;SEMANAL;094-LONDRINA P LOCAL - D1
RODO/COURIER;LOCAL - D1;094-LONDRINA P;SEXTA-FEIRA;0;sexta-feira;SEMANAL;094-LONDRINA P LOCAL - D1
RODO/COURIER;LOCAL - D1;094-LONDRINA P;SÁBADO;0;sábado;SEMANAL;094-LONDRINA P LOCAL - D1
RODO/COURIER;LOCAL - D1;094-LONDRINA Q;SEGUNDA-FEIRA;0;segunda-feira;SEMANAL;094-LONDRINA Q LOCAL - D1
RODO/COURIER;LOCAL - D1;094-LONDRINA Q;TERÇA-FEIRA;0;terça-feira;SEMANAL;094-LONDRINA Q LOCAL - D1
RODO/COURIER;LOCAL - D1;094-LONDRINA Q;QUARTA-FEIRA;0;quarta-feira;SEMANAL;094-LONDRINA Q LOCAL - D1
RODO/COURIER;LOCAL - D1;094-LONDRINA Q;QUINTA-FEIRA;0;quinta-feira;SEMANAL;094-LONDRINA Q LOCAL - D1
RODO/COURIER;LOCAL - D1;094-LONDRINA Q;SEXTA-FEIRA;0;sexta-feira;SEMANAL;094-LONDRINA Q LOCAL - D1
RODO/COURIER;LOCAL - D1;094-LONDRINA Q;SÁBADO;0;sábado;SEMANAL;094-LONDRINA Q LOCAL - D1
RODO/COURIER;LOCAL - D1;094-LONDRINA R;SEGUNDA-FEIRA;0;segunda-feira;SEMANAL;094-LONDRINA R LOCAL - D1
RODO/COURIER;LOCAL - D1;094-LONDRINA R;TERÇA-FEIRA;0;terça-feira;SEMANAL;094-LONDRINA R LOCAL - D1
RODO/COURIER;LOCAL - D1;094-LONDRINA R;QUARTA-FEIRA;0;quarta-feira;SEMANAL;094-LONDRINA R LOCAL - D1
RODO/COURIER;LOCAL - D1;094-LONDRINA R;QUINTA-FEIRA;0;quinta-feira;SEMANAL;094-LONDRINA R LOCAL - D1
RODO/COURIER;LOCAL - D1;094-LONDRINA R;SEXTA-FEIRA;0;sexta-feira;SEMANAL;094-LONDRINA R LOCAL - D1
RODO/COURIER;LOCAL - D1;094-LONDRINA R;SÁBADO;0;sábado;SEMANAL;094-LONDRINA R LOCAL - D1
RODO/COURIER;LOCAL - D1;094-LONDRINA S;SEGUNDA-FEIRA;0;segunda-feira;SEMANAL;094-LONDRINA S LOCAL - D1
RODO/COURIER;LOCAL - D1;094-LONDRINA S;TERÇA-FEIRA;0;terça-feira;SEMANAL;094-LONDRINA S LOCAL - D1
RODO/COURIER;LOCAL - D1;094-LONDRINA S;QUINTA-FEIRA;0;quinta-feira;SEMANAL;094-LONDRINA S LOCAL - D1
RODO/COURIER;LOCAL - D1;094-LONDRINA S;SEXTA-FEIRA;0;sexta-feira;SEMANAL;094-LONDRINA S LOCAL - D1
RODO/COURIER;LOCAL - D1;094-LONDRINA T;SEGUNDA-FEIRA;0;segunda-feira;SEMANAL;094-LONDRINA T LOCAL - D1
RODO/COURIER;LOCAL - D1;094-LONDRINA T;TERÇA-FEIRA;0;terça-feira;SEMANAL;094-LONDRINA T LOCAL - D1
RODO/COURIER;LOCAL - D1;094-LONDRINA T;QUARTA-FEIRA;0;quarta-feira;SEMANAL;094-LONDRINA T LOCAL - D1
RODO/COURIER;LOCAL - D1;094-LONDRINA T;QUINTA-FEIRA;0;quinta-feira;SEMANAL;094-LONDRINA T LOCAL - D1
RODO/COURIER;LOCAL - D1;094-LONDRINA T;SEXTA-FEIRA;0;sexta-feira;SEMANAL;094-LONDRINA T LOCAL - D1
RODO/COURIER;LOCAL - D1;094-LONDRINA T;SÁBADO;0;sábado;SEMANAL;094-LONDRINA T LOCAL - D1
RODO/COURIER;LOCAL - D1;094-LONDRINA U;SEGUNDA-FEIRA;0;segunda-feira;SEMANAL;094-LONDRINA U LOCAL - D1
RODO/COURIER;LOCAL - D1;094-LONDRINA U;TERÇA-FEIRA;0;terça-feira;SEMANAL;094-LONDRINA U LOCAL - D1
RODO/COURIER;LOCAL - D1;094-LONDRINA U;QUARTA-FEIRA;0;quarta-feira;SEMANAL;094-LONDRINA U LOCAL - D1
RODO/COURIER;LOCAL - D1;094-LONDRINA U;QUINTA-FEIRA;0;quinta-feira;SEMANAL;094-LONDRINA U LOCAL - D1
RODO/COURIER;LOCAL - D1;094-LONDRINA U;SEXTA-FEIRA;0;sexta-feira;SEMANAL;094-LONDRINA U LOCAL - D1
RODO/COURIER;LOCAL - D1;094-LONDRINA U;SÁBADO;0;sábado;SEMANAL;094-LONDRINA U LOCAL - D1
RODO/COURIER;LOCAL - D1;094-LONDRINA V;SEGUNDA-FEIRA;0;segunda-feira;SEMANAL;094-LONDRINA V LOCAL - D1
RODO/COURIER;LOCAL - D1;094-LONDRINA V;TERÇA-FEIRA;0;terça-feira;SEMANAL;094-LONDRINA V LOCAL - D1
RODO/COURIER;LOCAL - D1;094-LONDRINA V;QUARTA-FEIRA;0;quarta-feira;SEMANAL;094-LONDRINA V LOCAL - D1
RODO/COURIER;LOCAL - D1;094-LONDRINA V;QUINTA-FEIRA;0;quinta-feira;SEMANAL;094-LONDRINA V LOCAL - D1
RODO/COURIER;LOCAL - D1;094-LONDRINA V;SEXTA-FEIRA;0;sexta-feira;SEMANAL;094-LONDRINA V LOCAL - D1
RODO/COURIER;LOCAL - D1;094-LONDRINA V;SÁBADO;0;sábado;SEMANAL;094-LONDRINA V LOCAL - D1
RODO/COURIER;LOCAL - D1;094-LONDRINA W;SEGUNDA-FEIRA;0;segunda-feira;SEMANAL;094-LONDRINA W LOCAL - D1
RODO/COURIER;LOCAL - D1;094-LONDRINA W;TERÇA-FEIRA;0;terça-feira;SEMANAL;094-LONDRINA W LOCAL - D1
RODO/COURIER;LOCAL - D1;094-LONDRINA W;QUARTA-FEIRA;0;quarta-feira;SEMANAL;094-LONDRINA W LOCAL - D1
RODO/COURIER;LOCAL - D1;094-LONDRINA W;QUINTA-FEIRA;0;quinta-feira;SEMANAL;094-LONDRINA W LOCAL - D1
RODO/COURIER;LOCAL - D1;094-LONDRINA W;SEXTA-FEIRA;0;sexta-feira;SEMANAL;094-LONDRINA W LOCAL - D1
RODO/COURIER;LOCAL - D1;094-LONDRINA W;SÁBADO;0;sábado;SEMANAL;094-LONDRINA W LOCAL - D1
RODO/COURIER;LOCAL - D1;094-LONDRINA X;SEGUNDA-FEIRA;0;segunda-feira;SEMANAL;094-LONDRINA X LOCAL - D1
RODO/COURIER;LOCAL - D1;094-LONDRINA X;TERÇA-FEIRA;0;terça-feira;SEMANAL;094-LONDRINA X LOCAL - D1
RODO/COURIER;LOCAL - D1;094-LONDRINA X;QUARTA-FEIRA;0;quarta-feira;SEMANAL;094-LONDRINA X LOCAL - D1
RODO/COURIER;LOCAL - D1;094-LONDRINA X;QUINTA-FEIRA;0;quinta-feira;SEMANAL;094-LONDRINA X LOCAL - D1
RODO/COURIER;LOCAL - D1;094-LONDRINA X;SEXTA-FEIRA;0;sexta-feira;SEMANAL;094-LONDRINA X LOCAL - D1
RODO/COURIER;LOCAL - D1;094-LONDRINA X;SÁBADO;0;sábado;SEMANAL;094-LONDRINA X LOCAL - D1
RODO/COURIER;LOCAL - D1;094-LONDRINA Y;SEGUNDA-FEIRA;0;segunda-feira;SEMANAL;094-LONDRINA Y LOCAL - D1
RODO/COURIER;LOCAL - D1;094-LONDRINA Y;TERÇA-FEIRA;0;terça-feira;SEMANAL;094-LONDRINA Y LOCAL - D1
RODO/COURIER;LOCAL - D1;094-LONDRINA Y;QUARTA-FEIRA;0;quarta-feira;SEMANAL;094-LONDRINA Y LOCAL - D1
RODO/COURIER;LOCAL - D1;094-LONDRINA Y;QUINTA-FEIRA;0;quinta-feira;SEMANAL;094-LONDRINA Y LOCAL - D1
RODO/COURIER;LOCAL - D1;094-LONDRINA Y;SEXTA-FEIRA;0;sexta-feira;SEMANAL;094-LONDRINA Y LOCAL - D1
RODO/COURIER;LOCAL - D1;094-LONDRINA Y;SÁBADO;0;sábado;SEMANAL;094-LONDRINA Y LOCAL - D1
RODO/COURIER;LOCAL - D1;094-LONDRINA Z;SEGUNDA-FEIRA;0;segunda-feira;SEMANAL;094-LONDRINA Z LOCAL - D1
RODO/COURIER;LOCAL - D1;094-LONDRINA Z;TERÇA-FEIRA;0;terça-feira;SEMANAL;094-LONDRINA Z LOCAL - D1
RODO/COURIER;LOCAL - D1;094-LONDRINA Z;QUARTA-FEIRA;0;quarta-feira;SEMANAL;094-LONDRINA Z LOCAL - D1
RODO/COURIER;LOCAL - D1;094-LONDRINA Z;QUINTA-FEIRA;0;quinta-feira;SEMANAL;094-LONDRINA Z LOCAL - D1
RODO/COURIER;LOCAL - D1;094-LONDRINA Z;SEXTA-FEIRA;0;sexta-feira;SEMANAL;094-LONDRINA Z LOCAL - D1
RODO/COURIER;LOCAL - D1;094-LONDRINA Z;SÁBADO;0;sábado;SEMANAL;094-LONDRINA Z LOCAL - D1
RODO/COURIER;LOCAL - D1;094-MARIALVA;SEGUNDA-FEIRA;0;segunda-feira;SEMANAL;094-MARIALVA LOCAL - D1
RODO/COURIER;LOCAL - D1;094-MARIALVA;QUARTA-FEIRA;0;quarta-feira;SEMANAL;094-MARIALVA LOCAL - D1
RODO/COURIER;LOCAL - D1;094-MARIALVA;SEXTA-FEIRA;0;sexta-feira;SEMANAL;094-MARIALVA LOCAL - D1
RODO/COURIER;LOCAL - D1;094-MARINGA A;SEGUNDA-FEIRA;0;segunda-feira;SEMANAL;094-MARINGA A LOCAL - D1
RODO/COURIER;LOCAL - D1;094-MARINGA A;TERÇA-FEIRA;0;terça-feira;SEMANAL;094-MARINGA A LOCAL - D1
RODO/COURIER;LOCAL - D1;094-MARINGA A;QUARTA-FEIRA;0;quarta-feira;SEMANAL;094-MARINGA A LOCAL - D1
RODO/COURIER;LOCAL - D1;094-MARINGA A;QUINTA-FEIRA;0;quinta-feira;SEMANAL;094-MARINGA A LOCAL - D1
RODO/COURIER;LOCAL - D1;094-MARINGA A;SEXTA-FEIRA;0;sexta-feira;SEMANAL;094-MARINGA A LOCAL - D1
RODO/COURIER;LOCAL - D1;094-MARINGA A;SÁBADO;0;sábado;SEMANAL;094-MARINGA A LOCAL - D1
RODO/COURIER;LOCAL - D1;094-MARINGA AA;SEGUNDA-FEIRA;0;segunda-feira;SEMANAL;094-MARINGA AA LOCAL - D1
RODO/COURIER;LOCAL - D1;094-MARINGA AA;TERÇA-FEIRA;0;terça-feira;SEMANAL;094-MARINGA AA LOCAL - D1
RODO/COURIER;LOCAL - D1;094-MARINGA AA;QUARTA-FEIRA;0;quarta-feira;SEMANAL;094-MARINGA AA LOCAL - D1
RODO/COURIER;LOCAL - D1;094-MARINGA AA;QUINTA-FEIRA;0;quinta-feira;SEMANAL;094-MARINGA AA LOCAL - D1
RODO/COURIER;LOCAL - D1;094-MARINGA AA;SEXTA-FEIRA;0;sexta-feira;SEMANAL;094-MARINGA AA LOCAL - D1
RODO/COURIER;LOCAL - D1;094-MARINGA AA;SÁBADO;0;sábado;SEMANAL;094-MARINGA AA LOCAL - D1
RODO/COURIER;LOCAL - D1;094-MARINGA AB;SEGUNDA-FEIRA;0;segunda-feira;SEMANAL;094-MARINGA AB LOCAL - D1
RODO/COURIER;LOCAL - D1;094-MARINGA AB;TERÇA-FEIRA;0;terça-feira;SEMANAL;094-MARINGA AB LOCAL - D1
RODO/COURIER;LOCAL - D1;094-MARINGA AB;QUARTA-FEIRA;0;quarta-feira;SEMANAL;094-MARINGA AB LOCAL - D1
RODO/COURIER;LOCAL - D1;094-MARINGA AB;QUINTA-FEIRA;0;quinta-feira;SEMANAL;094-MARINGA AB LOCAL - D1
RODO/COURIER;LOCAL - D1;094-MARINGA AB;SEXTA-FEIRA;0;sexta-feira;SEMANAL;094-MARINGA AB LOCAL - D1
RODO/COURIER;LOCAL - D1;094-MARINGA AB;SÁBADO;0;sábado;SEMANAL;094-MARINGA AB LOCAL - D1
RODO/COURIER;LOCAL - D1;094-MARINGA AC;SEGUNDA-FEIRA;0;segunda-feira;SEMANAL;094-MARINGA AC LOCAL - D1
RODO/COURIER;LOCAL - D1;094-MARINGA AC;TERÇA-FEIRA;0;terça-feira;SEMANAL;094-MARINGA AC LOCAL - D1
RODO/COURIER;LOCAL - D1;094-MARINGA AC;QUARTA-FEIRA;0;quarta-feira;SEMANAL;094-MARINGA AC LOCAL - D1
RODO/COURIER;LOCAL - D1;094-MARINGA AC;QUINTA-FEIRA;0;quinta-feira;SEMANAL;094-MARINGA AC LOCAL - D1
RODO/COURIER;LOCAL - D1;094-MARINGA AC;SEXTA-FEIRA;0;sexta-feira;SEMANAL;094-MARINGA AC LOCAL - D1
RODO/COURIER;LOCAL - D1;094-MARINGA AC;SÁBADO;0;sábado;SEMANAL;094-MARINGA AC LOCAL - D1
RODO/COURIER;LOCAL - D1;094-MARINGA AD;SEGUNDA-FEIRA;0;segunda-feira;SEMANAL;094-MARINGA AD LOCAL - D1
RODO/COURIER;LOCAL - D1;094-MARINGA AD;TERÇA-FEIRA;0;terça-feira;SEMANAL;094-MARINGA AD LOCAL - D1
RODO/COURIER;LOCAL - D1;094-MARINGA AD;QUARTA-FEIRA;0;quarta-feira;SEMANAL;094-MARINGA AD LOCAL - D1
RODO/COURIER;LOCAL - D1;094-MARINGA AD;QUINTA-FEIRA;0;quinta-feira;SEMANAL;094-MARINGA AD LOCAL - D1
RODO/COURIER;LOCAL - D1;094-MARINGA AD;SEXTA-FEIRA;0;sexta-feira;SEMANAL;094-MARINGA AD LOCAL - D1
RODO/COURIER;LOCAL - D1;094-MARINGA AD;SÁBADO;0;sábado;SEMANAL;094-MARINGA AD LOCAL - D1
RODO/COURIER;LOCAL - D1;094-MARINGA B;SEGUNDA-FEIRA;0;segunda-feira;SEMANAL;094-MARINGA B LOCAL - D1
RODO/COURIER;LOCAL - D1;094-MARINGA B;TERÇA-FEIRA;0;terça-feira;SEMANAL;094-MARINGA B LOCAL - D1
RODO/COURIER;LOCAL - D1;094-MARINGA B;QUARTA-FEIRA;0;quarta-feira;SEMANAL;094-MARINGA B LOCAL - D1
RODO/COURIER;LOCAL - D1;094-MARINGA B;QUINTA-FEIRA;0;quinta-feira;SEMANAL;094-MARINGA B LOCAL - D1
RODO/COURIER;LOCAL - D1;094-MARINGA B;SEXTA-FEIRA;0;sexta-feira;SEMANAL;094-MARINGA B LOCAL - D1
RODO/COURIER;LOCAL - D1;094-MARINGA B;SÁBADO;0;sábado;SEMANAL;094-MARINGA B LOCAL - D1
RODO/COURIER;LOCAL - D1;094-MARINGA C;SEGUNDA-FEIRA;0;segunda-feira;SEMANAL;094-MARINGA C LOCAL - D1
RODO/COURIER;LOCAL - D1;094-MARINGA C;TERÇA-FEIRA;0;terça-feira;SEMANAL;094-MARINGA C LOCAL - D1
RODO/COURIER;LOCAL - D1;094-MARINGA C;QUARTA-FEIRA;0;quarta-feira;SEMANAL;094-MARINGA C LOCAL - D1
RODO/COURIER;LOCAL - D1;094-MARINGA C;QUINTA-FEIRA;0;quinta-feira;SEMANAL;094-MARINGA C LOCAL - D1
RODO/COURIER;LOCAL - D1;094-MARINGA C;SEXTA-FEIRA;0;sexta-feira;SEMANAL;094-MARINGA C LOCAL - D1
RODO/COURIER;LOCAL - D1;094-MARINGA C;SÁBADO;0;sábado;SEMANAL;094-MARINGA C LOCAL - D1
RODO/COURIER;LOCAL - D1;094-MARINGA D;SEGUNDA-FEIRA;0;segunda-feira;SEMANAL;094-MARINGA D LOCAL - D1
RODO/COURIER;LOCAL - D1;094-MARINGA D;TERÇA-FEIRA;0;terça-feira;SEMANAL;094-MARINGA D LOCAL - D1
RODO/COURIER;LOCAL - D1;094-MARINGA D;QUARTA-FEIRA;0;quarta-feira;SEMANAL;094-MARINGA D LOCAL - D1
RODO/COURIER;LOCAL - D1;094-MARINGA D;QUINTA-FEIRA;0;quinta-feira;SEMANAL;094-MARINGA D LOCAL - D1
RODO/COURIER;LOCAL - D1;094-MARINGA D;SEXTA-FEIRA;0;sexta-feira;SEMANAL;094-MARINGA D LOCAL - D1
RODO/COURIER;LOCAL - D1;094-MARINGA D;SÁBADO;0;sábado;SEMANAL;094-MARINGA D LOCAL - D1
RODO/COURIER;LOCAL - D1;094-MARINGA E;SEGUNDA-FEIRA;0;segunda-feira;SEMANAL;094-MARINGA E LOCAL - D1
RODO/COURIER;LOCAL - D1;094-MARINGA E;TERÇA-FEIRA;0;terça-feira;SEMANAL;094-MARINGA E LOCAL - D1
RODO/COURIER;LOCAL - D1;094-MARINGA E;QUARTA-FEIRA;0;quarta-feira;SEMANAL;094-MARINGA E LOCAL - D1
RODO/COURIER;LOCAL - D1;094-MARINGA E;QUINTA-FEIRA;0;quinta-feira;SEMANAL;094-MARINGA E LOCAL - D1
RODO/COURIER;LOCAL - D1;094-MARINGA E;SEXTA-FEIRA;0;sexta-feira;SEMANAL;094-MARINGA E LOCAL - D1
RODO/COURIER;LOCAL - D1;094-MARINGA E;SÁBADO;0;sábado;SEMANAL;094-MARINGA E LOCAL - D1
RODO/COURIER;LOCAL - D1;094-MARINGA F;SEGUNDA-FEIRA;0;segunda-feira;SEMANAL;094-MARINGA F LOCAL - D1
RODO/COURIER;LOCAL - D1;094-MARINGA F;TERÇA-FEIRA;0;terça-feira;SEMANAL;094-MARINGA F LOCAL - D1
RODO/COURIER;LOCAL - D1;094-MARINGA F;QUARTA-FEIRA;0;quarta-feira;SEMANAL;094-MARINGA F LOCAL - D1
RODO/COURIER;LOCAL - D1;094-MARINGA F;QUINTA-FEIRA;0;quinta-feira;SEMANAL;094-MARINGA F LOCAL - D1
RODO/COURIER;LOCAL - D1;094-MARINGA F;SEXTA-FEIRA;0;sexta-feira;SEMANAL;094-MARINGA F LOCAL - D1
RODO/COURIER;LOCAL - D1;094-MARINGA F;SÁBADO;0;sábado;SEMANAL;094-MARINGA F LOCAL - D1
RODO/COURIER;LOCAL - D1;094-MARINGA G;SEGUNDA-FEIRA;0;segunda-feira;SEMANAL;094-MARINGA G LOCAL - D1
RODO/COURIER;LOCAL - D1;094-MARINGA G;TERÇA-FEIRA;0;terça-feira;SEMANAL;094-MARINGA G LOCAL - D1
RODO/COURIER;LOCAL - D1;094-MARINGA G;QUARTA-FEIRA;0;quarta-feira;SEMANAL;094-MARINGA G LOCAL - D1
RODO/COURIER;LOCAL - D1;094-MARINGA G;QUINTA-FEIRA;0;quinta-feira;SEMANAL;094-MARINGA G LOCAL - D1
RODO/COURIER;LOCAL - D1;094-MARINGA G;SEXTA-FEIRA;0;sexta-feira;SEMANAL;094-MARINGA G LOCAL - D1
RODO/COURIER;LOCAL - D1;094-MARINGA G;SÁBADO;0;sábado;SEMANAL;094-MARINGA G LOCAL - D1
RODO/COURIER;LOCAL - D1;094-MARINGA H;SEGUNDA-FEIRA;0;segunda-feira;SEMANAL;094-MARINGA H LOCAL - D1
RODO/COURIER;LOCAL - D1;094-MARINGA H;TERÇA-FEIRA;0;terça-feira;SEMANAL;094-MARINGA H LOCAL - D1
RODO/COURIER;LOCAL - D1;094-MARINGA H;QUARTA-FEIRA;0;quarta-feira;SEMANAL;094-MARINGA H LOCAL - D1
RODO/COURIER;LOCAL - D1;094-MARINGA H;QUINTA-FEIRA;0;quinta-feira;SEMANAL;094-MARINGA H LOCAL - D1
RODO/COURIER;LOCAL - D1;094-MARINGA H;SEXTA-FEIRA;0;sexta-feira;SEMANAL;094-MARINGA H LOCAL - D1
RODO/COURIER;LOCAL - D1;094-MARINGA H;SÁBADO;0;sábado;SEMANAL;094-MARINGA H LOCAL - D1
RODO/COURIER;LOCAL - D1;094-MARINGA I;SEGUNDA-FEIRA;0;segunda-feira;SEMANAL;094-MARINGA I LOCAL - D1
RODO/COURIER;LOCAL - D1;094-MARINGA I;TERÇA-FEIRA;0;terça-feira;SEMANAL;094-MARINGA I LOCAL - D1
RODO/COURIER;LOCAL - D1;094-MARINGA I;QUARTA-FEIRA;0;quarta-feira;SEMANAL;094-MARINGA I LOCAL - D1
RODO/COURIER;LOCAL - D1;094-MARINGA I;QUINTA-FEIRA;0;quinta-feira;SEMANAL;094-MARINGA I LOCAL - D1
RODO/COURIER;LOCAL - D1;094-MARINGA I;SEXTA-FEIRA;0;sexta-feira;SEMANAL;094-MARINGA I LOCAL - D1
RODO/COURIER;LOCAL - D1;094-MARINGA I;SÁBADO;0;sábado;SEMANAL;094-MARINGA I LOCAL - D1
RODO/COURIER;LOCAL - D1;094-MARINGA J;SEGUNDA-FEIRA;0;segunda-feira;SEMANAL;094-MARINGA J LOCAL - D1
RODO/COURIER;LOCAL - D1;094-MARINGA J;TERÇA-FEIRA;0;terça-feira;SEMANAL;094-MARINGA J LOCAL - D1
RODO/COURIER;LOCAL - D1;094-MARINGA J;QUARTA-FEIRA;0;quarta-feira;SEMANAL;094-MARINGA J LOCAL - D1
RODO/COURIER;LOCAL - D1;094-MARINGA J;QUINTA-FEIRA;0;quinta-feira;SEMANAL;094-MARINGA J LOCAL - D1
RODO/COURIER;LOCAL - D1;094-MARINGA J;SEXTA-FEIRA;0;sexta-feira;SEMANAL;094-MARINGA J LOCAL - D1
RODO/COURIER;LOCAL - D1;094-MARINGA J;SÁBADO;0;sábado;SEMANAL;094-MARINGA J LOCAL - D1
RODO/COURIER;LOCAL - D1;094-MARINGA K;SEGUNDA-FEIRA;0;segunda-feira;SEMANAL;094-MARINGA K LOCAL - D1
RODO/COURIER;LOCAL - D1;094-MARINGA K;TERÇA-FEIRA;0;terça-feira;SEMANAL;094-MARINGA K LOCAL - D1
RODO/COURIER;LOCAL - D1;094-MARINGA K;QUARTA-FEIRA;0;quarta-feira;SEMANAL;094-MARINGA K LOCAL - D1
RODO/COURIER;LOCAL - D1;094-MARINGA K;QUINTA-FEIRA;0;quinta-feira;SEMANAL;094-MARINGA K LOCAL - D1
RODO/COURIER;LOCAL - D1;094-MARINGA K;SEXTA-FEIRA;0;sexta-feira;SEMANAL;094-MARINGA K LOCAL - D1
RODO/COURIER;LOCAL - D1;094-MARINGA K;SÁBADO;0;sábado;SEMANAL;094-MARINGA K LOCAL - D1
RODO/COURIER;LOCAL - D1;094-MARINGA L;SEGUNDA-FEIRA;0;segunda-feira;SEMANAL;094-MARINGA L LOCAL - D1
RODO/COURIER;LOCAL - D1;094-MARINGA L;TERÇA-FEIRA;0;terça-feira;SEMANAL;094-MARINGA L LOCAL - D1
RODO/COURIER;LOCAL - D1;094-MARINGA L;QUARTA-FEIRA;0;quarta-feira;SEMANAL;094-MARINGA L LOCAL - D1
RODO/COURIER;LOCAL - D1;094-MARINGA L;QUINTA-FEIRA;0;quinta-feira;SEMANAL;094-MARINGA L LOCAL - D1
RODO/COURIER;LOCAL - D1;094-MARINGA L;SEXTA-FEIRA;0;sexta-feira;SEMANAL;094-MARINGA L LOCAL - D1
RODO/COURIER;LOCAL - D1;094-MARINGA L;SÁBADO;0;sábado;SEMANAL;094-MARINGA L LOCAL - D1
RODO/COURIER;LOCAL - D1;094-MARINGA M;SEGUNDA-FEIRA;0;segunda-feira;SEMANAL;094-MARINGA M LOCAL - D1
RODO/COURIER;LOCAL - D1;094-MARINGA M;TERÇA-FEIRA;0;terça-feira;SEMANAL;094-MARINGA M LOCAL - D1
RODO/COURIER;LOCAL - D1;094-MARINGA M;QUARTA-FEIRA;0;quarta-feira;SEMANAL;094-MARINGA M LOCAL - D1
RODO/COURIER;LOCAL - D1;094-MARINGA M;QUINTA-FEIRA;0;quinta-feira;SEMANAL;094-MARINGA M LOCAL - D1
RODO/COURIER;LOCAL - D1;094-MARINGA M;SEXTA-FEIRA;0;sexta-feira;SEMANAL;094-MARINGA M LOCAL - D1
RODO/COURIER;LOCAL - D1;094-MARINGA M;SÁBADO;0;sábado;SEMANAL;094-MARINGA M LOCAL - D1
RODO/COURIER;LOCAL - D1;094-MARINGA N;SEGUNDA-FEIRA;0;segunda-feira;SEMANAL;094-MARINGA N LOCAL - D1
RODO/COURIER;LOCAL - D1;094-MARINGA N;TERÇA-FEIRA;0;terça-feira;SEMANAL;094-MARINGA N LOCAL - D1
RODO/COURIER;LOCAL - D1;094-MARINGA N;QUARTA-FEIRA;0;quarta-feira;SEMANAL;094-MARINGA N LOCAL - D1
RODO/COURIER;LOCAL - D1;094-MARINGA N;QUINTA-FEIRA;0;quinta-feira;SEMANAL;094-MARINGA N LOCAL - D1
RODO/COURIER;LOCAL - D1;094-MARINGA N;SEXTA-FEIRA;0;sexta-feira;SEMANAL;094-MARINGA N LOCAL - D1
RODO/COURIER;LOCAL - D1;094-MARINGA N;SÁBADO;0;sábado;SEMANAL;094-MARINGA N LOCAL - D1
RODO/COURIER;LOCAL - D1;094-MARINGA O;SEGUNDA-FEIRA;0;segunda-feira;SEMANAL;094-MARINGA O LOCAL - D1
RODO/COURIER;LOCAL - D1;094-MARINGA O;TERÇA-FEIRA;0;terça-feira;SEMANAL;094-MARINGA O LOCAL - D1
RODO/COURIER;LOCAL - D1;094-MARINGA O;QUARTA-FEIRA;0;quarta-feira;SEMANAL;094-MARINGA O LOCAL - D1
RODO/COURIER;LOCAL - D1;094-MARINGA O;QUINTA-FEIRA;0;quinta-feira;SEMANAL;094-MARINGA O LOCAL - D1
RODO/COURIER;LOCAL - D1;094-MARINGA O;SEXTA-FEIRA;0;sexta-feira;SEMANAL;094-MARINGA O LOCAL - D1
RODO/COURIER;LOCAL - D1;094-MARINGA O;SÁBADO;0;sábado;SEMANAL;094-MARINGA O LOCAL - D1
RODO/COURIER;LOCAL - D1;094-MARINGA P;SEGUNDA-FEIRA;0;segunda-feira;SEMANAL;094-MARINGA P LOCAL - D1
RODO/COURIER;LOCAL - D1;094-MARINGA P;TERÇA-FEIRA;0;terça-feira;SEMANAL;094-MARINGA P LOCAL - D1
RODO/COURIER;LOCAL - D1;094-MARINGA P;QUARTA-FEIRA;0;quarta-feira;SEMANAL;094-MARINGA P LOCAL - D1
RODO/COURIER;LOCAL - D1;094-MARINGA P;QUINTA-FEIRA;0;quinta-feira;SEMANAL;094-MARINGA P LOCAL - D1
RODO/COURIER;LOCAL - D1;094-MARINGA P;SEXTA-FEIRA;0;sexta-feira;SEMANAL;094-MARINGA P LOCAL - D1
RODO/COURIER;LOCAL - D1;094-MARINGA P;SÁBADO;0;sábado;SEMANAL;094-MARINGA P LOCAL - D1
RODO/COURIER;LOCAL - D1;094-MARINGA Q;SEGUNDA-FEIRA;0;segunda-feira;SEMANAL;094-MARINGA Q LOCAL - D1
RODO/COURIER;LOCAL - D1;094-MARINGA Q;TERÇA-FEIRA;0;terça-feira;SEMANAL;094-MARINGA Q LOCAL - D1
RODO/COURIER;LOCAL - D1;094-MARINGA Q;QUARTA-FEIRA;0;quarta-feira;SEMANAL;094-MARINGA Q LOCAL - D1
RODO/COURIER;LOCAL - D1;094-MARINGA Q;QUINTA-FEIRA;0;quinta-feira;SEMANAL;094-MARINGA Q LOCAL - D1
RODO/COURIER;LOCAL - D1;094-MARINGA Q;SEXTA-FEIRA;0;sexta-feira;SEMANAL;094-MARINGA Q LOCAL - D1
RODO/COURIER;LOCAL - D1;094-MARINGA Q;SÁBADO;0;sábado;SEMANAL;094-MARINGA Q LOCAL - D1
RODO/COURIER;LOCAL - D1;094-MARINGA R;SEGUNDA-FEIRA;0;segunda-feira;SEMANAL;094-MARINGA R LOCAL - D1
RODO/COURIER;LOCAL - D1;094-MARINGA R;TERÇA-FEIRA;0;terça-feira;SEMANAL;094-MARINGA R LOCAL - D1
RODO/COURIER;LOCAL - D1;094-MARINGA R;QUARTA-FEIRA;0;quarta-feira;SEMANAL;094-MARINGA R LOCAL - D1
RODO/COURIER;LOCAL - D1;094-MARINGA R;QUINTA-FEIRA;0;quinta-feira;SEMANAL;094-MARINGA R LOCAL - D1
RODO/COURIER;LOCAL - D1;094-MARINGA R;SEXTA-FEIRA;0;sexta-feira;SEMANAL;094-MARINGA R LOCAL - D1
RODO/COURIER;LOCAL - D1;094-MARINGA R;SÁBADO;0;sábado;SEMANAL;094-MARINGA R LOCAL - D1
RODO/COURIER;LOCAL - D1;094-MARINGA S;SEGUNDA-FEIRA;0;segunda-feira;SEMANAL;094-MARINGA S LOCAL - D1
RODO/COURIER;LOCAL - D1;094-MARINGA S;TERÇA-FEIRA;0;terça-feira;SEMANAL;094-MARINGA S LOCAL - D1
RODO/COURIER;LOCAL - D1;094-MARINGA S;QUARTA-FEIRA;0;quarta-feira;SEMANAL;094-MARINGA S LOCAL - D1
RODO/COURIER;LOCAL - D1;094-MARINGA S;QUINTA-FEIRA;0;quinta-feira;SEMANAL;094-MARINGA S LOCAL - D1
RODO/COURIER;LOCAL - D1;094-MARINGA S;SEXTA-FEIRA;0;sexta-feira;SEMANAL;094-MARINGA S LOCAL - D1
RODO/COURIER;LOCAL - D1;094-MARINGA S;SÁBADO;0;sábado;SEMANAL;094-MARINGA S LOCAL - D1
RODO/COURIER;LOCAL - D1;094-MARINGA T;SEGUNDA-FEIRA;0;segunda-feira;SEMANAL;094-MARINGA T LOCAL - D1
RODO/COURIER;LOCAL - D1;094-MARINGA T;TERÇA-FEIRA;0;terça-feira;SEMANAL;094-MARINGA T LOCAL - D1
RODO/COURIER;LOCAL - D1;094-MARINGA T;QUARTA-FEIRA;0;quarta-feira;SEMANAL;094-MARINGA T LOCAL - D1
RODO/COURIER;LOCAL - D1;094-MARINGA T;QUINTA-FEIRA;0;quinta-feira;SEMANAL;094-MARINGA T LOCAL - D1
RODO/COURIER;LOCAL - D1;094-MARINGA T;SEXTA-FEIRA;0;sexta-feira;SEMANAL;094-MARINGA T LOCAL - D1
RODO/COURIER;LOCAL - D1;094-MARINGA T;SÁBADO;0;sábado;SEMANAL;094-MARINGA T LOCAL - D1
RODO/COURIER;LOCAL - D1;094-MARINGA U;SEGUNDA-FEIRA;0;segunda-feira;SEMANAL;094-MARINGA U LOCAL - D1
RODO/COURIER;LOCAL - D1;094-MARINGA U;TERÇA-FEIRA;0;terça-feira;SEMANAL;094-MARINGA U LOCAL - D1
RODO/COURIER;LOCAL - D1;094-MARINGA U;QUARTA-FEIRA;0;quarta-feira;SEMANAL;094-MARINGA U LOCAL - D1
RODO/COURIER;LOCAL - D1;094-MARINGA U;QUINTA-FEIRA;0;quinta-feira;SEMANAL;094-MARINGA U LOCAL - D1
RODO/COURIER;LOCAL - D1;094-MARINGA U;SEXTA-FEIRA;0;sexta-feira;SEMANAL;094-MARINGA U LOCAL - D1
RODO/COURIER;LOCAL - D1;094-MARINGA U;SÁBADO;0;sábado;SEMANAL;094-MARINGA U LOCAL - D1
RODO/COURIER;LOCAL - D1;094-MARINGA V;SEGUNDA-FEIRA;0;segunda-feira;SEMANAL;094-MARINGA V LOCAL - D1
RODO/COURIER;LOCAL - D1;094-MARINGA V;TERÇA-FEIRA;0;terça-feira;SEMANAL;094-MARINGA V LOCAL - D1
RODO/COURIER;LOCAL - D1;094-MARINGA V;QUARTA-FEIRA;0;quarta-feira;SEMANAL;094-MARINGA V LOCAL - D1
RODO/COURIER;LOCAL - D1;094-MARINGA V;QUINTA-FEIRA;0;quinta-feira;SEMANAL;094-MARINGA V LOCAL - D1
RODO/COURIER;LOCAL - D1;094-MARINGA V;SEXTA-FEIRA;0;sexta-feira;SEMANAL;094-MARINGA V LOCAL - D1
RODO/COURIER;LOCAL - D1;094-MARINGA V;SÁBADO;0;sábado;SEMANAL;094-MARINGA V LOCAL - D1
RODO/COURIER;LOCAL - D1;094-MARINGA W;SEGUNDA-FEIRA;0;segunda-feira;SEMANAL;094-MARINGA W LOCAL - D1
RODO/COURIER;LOCAL - D1;094-MARINGA W;TERÇA-FEIRA;0;terça-feira;SEMANAL;094-MARINGA W LOCAL - D1
RODO/COURIER;LOCAL - D1;094-MARINGA W;QUARTA-FEIRA;0;quarta-feira;SEMANAL;094-MARINGA W LOCAL - D1
RODO/COURIER;LOCAL - D1;094-MARINGA W;QUINTA-FEIRA;0;quinta-feira;SEMANAL;094-MARINGA W LOCAL - D1
RODO/COURIER;LOCAL - D1;094-MARINGA W;SEXTA-FEIRA;0;sexta-feira;SEMANAL;094-MARINGA W LOCAL - D1
RODO/COURIER;LOCAL - D1;094-MARINGA W;SÁBADO;0;sábado;SEMANAL;094-MARINGA W LOCAL - D1
RODO/COURIER;LOCAL - D1;094-MARINGA Y;SEGUNDA-FEIRA;0;segunda-feira;SEMANAL;094-MARINGA Y LOCAL - D1
RODO/COURIER;LOCAL - D1;094-MARINGA Y;TERÇA-FEIRA;0;terça-feira;SEMANAL;094-MARINGA Y LOCAL - D1
RODO/COURIER;LOCAL - D1;094-MARINGA Y;QUARTA-FEIRA;0;quarta-feira;SEMANAL;094-MARINGA Y LOCAL - D1
RODO/COURIER;LOCAL - D1;094-MARINGA Y;QUINTA-FEIRA;0;quinta-feira;SEMANAL;094-MARINGA Y LOCAL - D1
RODO/COURIER;LOCAL - D1;094-MARINGA Y;SEXTA-FEIRA;0;sexta-feira;SEMANAL;094-MARINGA Y LOCAL - D1
RODO/COURIER;LOCAL - D1;094-MARINGA Y;SÁBADO;0;sábado;SEMANAL;094-MARINGA Y LOCAL - D1
RODO/COURIER;LOCAL - D1;094-MARINGA Z;SEGUNDA-FEIRA;0;segunda-feira;SEMANAL;094-MARINGA Z LOCAL - D1
RODO/COURIER;LOCAL - D1;094-MARINGA Z;TERÇA-FEIRA;0;terça-feira;SEMANAL;094-MARINGA Z LOCAL - D1
RODO/COURIER;LOCAL - D1;094-MARINGA Z;QUARTA-FEIRA;0;quarta-feira;SEMANAL;094-MARINGA Z LOCAL - D1
RODO/COURIER;LOCAL - D1;094-MARINGA Z;QUINTA-FEIRA;0;quinta-feira;SEMANAL;094-MARINGA Z LOCAL - D1
RODO/COURIER;LOCAL - D1;094-MARINGA Z;SEXTA-FEIRA;0;sexta-feira;SEMANAL;094-MARINGA Z LOCAL - D1
RODO/COURIER;LOCAL - D1;094-MARINGA Z;SÁBADO;0;sábado;SEMANAL;094-MARINGA Z LOCAL - D1
RODO/COURIER;LOCAL - D1;094-PAICANDU;SEGUNDA-FEIRA;0;segunda-feira;SEMANAL;094-PAICANDU LOCAL - D1
RODO/COURIER;LOCAL - D1;094-PAICANDU;QUARTA-FEIRA;0;quarta-feira;SEMANAL;094-PAICANDU LOCAL - D1
RODO/COURIER;LOCAL - D1;094-PAICANDU;SEXTA-FEIRA;0;sexta-feira;SEMANAL;094-PAICANDU LOCAL - D1
RODO/COURIER;LOCAL - D1;094-PRESIDENTE PRUDENTE A;SEGUNDA-FEIRA;0;segunda-feira;SEMANAL;094-PRESIDENTE PRUDENTE A LOCAL - D1
RODO/COURIER;LOCAL - D1;094-PRESIDENTE PRUDENTE A;SEGUNDA-FEIRA;20;terça-feira;SEMANAL;094-PRESIDENTE PRUDENTE A LOCAL - D1
RODO/COURIER;LOCAL - D1;094-PRESIDENTE PRUDENTE A;TERÇA-FEIRA;20;quarta-feira;SEMANAL;094-PRESIDENTE PRUDENTE A LOCAL - D1
RODO/COURIER;LOCAL - D1;094-PRESIDENTE PRUDENTE A;QUARTA-FEIRA;20;quinta-feira;SEMANAL;094-PRESIDENTE PRUDENTE A LOCAL - D1
RODO/COURIER;LOCAL - D1;094-PRESIDENTE PRUDENTE A;QUINTA-FEIRA;20;sexta-feira;SEMANAL;094-PRESIDENTE PRUDENTE A LOCAL - D1
RODO/COURIER;LOCAL - D1;094-PRESIDENTE PRUDENTE A;SEXTA-FEIRA;20;sábado;SEMANAL;094-PRESIDENTE PRUDENTE A LOCAL - D1
RODO/COURIER;LOCAL - D1;094-PRESIDENTE PRUDENTE B;SEGUNDA-FEIRA;0;segunda-feira;SEMANAL;094-PRESIDENTE PRUDENTE B LOCAL - D1
RODO/COURIER;LOCAL - D1;094-PRESIDENTE PRUDENTE B;SEGUNDA-FEIRA;20;terça-feira;SEMANAL;094-PRESIDENTE PRUDENTE B LOCAL - D1
RODO/COURIER;LOCAL - D1;094-PRESIDENTE PRUDENTE B;TERÇA-FEIRA;20;quarta-feira;SEMANAL;094-PRESIDENTE PRUDENTE B LOCAL - D1
RODO/COURIER;LOCAL - D1;094-PRESIDENTE PRUDENTE B;QUARTA-FEIRA;20;quinta-feira;SEMANAL;094-PRESIDENTE PRUDENTE B LOCAL - D1
RODO/COURIER;LOCAL - D1;094-PRESIDENTE PRUDENTE B;QUINTA-FEIRA;20;sexta-feira;SEMANAL;094-PRESIDENTE PRUDENTE B LOCAL - D1
RODO/COURIER;LOCAL - D1;094-PRESIDENTE PRUDENTE B;SEXTA-FEIRA;20;sábado;SEMANAL;094-PRESIDENTE PRUDENTE B LOCAL - D1
RODO/COURIER;LOCAL - D1;094-PRESIDENTE PRUDENTE C;SEGUNDA-FEIRA;0;segunda-feira;SEMANAL;094-PRESIDENTE PRUDENTE C LOCAL - D1
RODO/COURIER;LOCAL - D1;094-PRESIDENTE PRUDENTE C;SEGUNDA-FEIRA;20;terça-feira;SEMANAL;094-PRESIDENTE PRUDENTE C LOCAL - D1
RODO/COURIER;LOCAL - D1;094-PRESIDENTE PRUDENTE C;TERÇA-FEIRA;20;quarta-feira;SEMANAL;094-PRESIDENTE PRUDENTE C LOCAL - D1
RODO/COURIER;LOCAL - D1;094-PRESIDENTE PRUDENTE C;QUARTA-FEIRA;20;quinta-feira;SEMANAL;094-PRESIDENTE PRUDENTE C LOCAL - D1
RODO/COURIER;LOCAL - D1;094-PRESIDENTE PRUDENTE C;QUINTA-FEIRA;20;sexta-feira;SEMANAL;094-PRESIDENTE PRUDENTE C LOCAL - D1
RODO/COURIER;LOCAL - D1;094-PRESIDENTE PRUDENTE C;SEXTA-FEIRA;20;sábado;SEMANAL;094-PRESIDENTE PRUDENTE C LOCAL - D1
RODO/COURIER;LOCAL - D1;094-PRESIDENTE PRUDENTE D;SEGUNDA-FEIRA;0;segunda-feira;SEMANAL;094-PRESIDENTE PRUDENTE D LOCAL - D1
RODO/COURIER;LOCAL - D1;094-PRESIDENTE PRUDENTE D;SEGUNDA-FEIRA;20;terça-feira;SEMANAL;094-PRESIDENTE PRUDENTE D LOCAL - D1
RODO/COURIER;LOCAL - D1;094-PRESIDENTE PRUDENTE D;TERÇA-FEIRA;20;quarta-feira;SEMANAL;094-PRESIDENTE PRUDENTE D LOCAL - D1
RODO/COURIER;LOCAL - D1;094-PRESIDENTE PRUDENTE D;QUARTA-FEIRA;20;quinta-feira;SEMANAL;094-PRESIDENTE PRUDENTE D LOCAL - D1
RODO/COURIER;LOCAL - D1;094-PRESIDENTE PRUDENTE D;QUINTA-FEIRA;20;sexta-feira;SEMANAL;094-PRESIDENTE PRUDENTE D LOCAL - D1
RODO/COURIER;LOCAL - D1;094-PRESIDENTE PRUDENTE D;SEXTA-FEIRA;20;sábado;SEMANAL;094-PRESIDENTE PRUDENTE D LOCAL - D1
RODO/COURIER;LOCAL - D1;094-PRESIDENTE PRUDENTE E;SEGUNDA-FEIRA;0;segunda-feira;SEMANAL;094-PRESIDENTE PRUDENTE E LOCAL - D1
RODO/COURIER;LOCAL - D1;094-PRESIDENTE PRUDENTE E;SEGUNDA-FEIRA;20;terça-feira;SEMANAL;094-PRESIDENTE PRUDENTE E LOCAL - D1
RODO/COURIER;LOCAL - D1;094-PRESIDENTE PRUDENTE E;TERÇA-FEIRA;20;quarta-feira;SEMANAL;094-PRESIDENTE PRUDENTE E LOCAL - D1
RODO/COURIER;LOCAL - D1;094-PRESIDENTE PRUDENTE E;QUARTA-FEIRA;20;quinta-feira;SEMANAL;094-PRESIDENTE PRUDENTE E LOCAL - D1
RODO/COURIER;LOCAL - D1;094-PRESIDENTE PRUDENTE E;QUINTA-FEIRA;20;sexta-feira;SEMANAL;094-PRESIDENTE PRUDENTE E LOCAL - D1
RODO/COURIER;LOCAL - D1;094-PRESIDENTE PRUDENTE E;SEXTA-FEIRA;20;sábado;SEMANAL;094-PRESIDENTE PRUDENTE E LOCAL - D1
RODO/COURIER;LOCAL - D1;094-PRESIDENTE PRUDENTE F;SEGUNDA-FEIRA;0;segunda-feira;SEMANAL;094-PRESIDENTE PRUDENTE F LOCAL - D1
RODO/COURIER;LOCAL - D1;094-PRESIDENTE PRUDENTE F;SEGUNDA-FEIRA;20;terça-feira;SEMANAL;094-PRESIDENTE PRUDENTE F LOCAL - D1
RODO/COURIER;LOCAL - D1;094-PRESIDENTE PRUDENTE F;TERÇA-FEIRA;20;quarta-feira;SEMANAL;094-PRESIDENTE PRUDENTE F LOCAL - D1
RODO/COURIER;LOCAL - D1;094-PRESIDENTE PRUDENTE F;QUARTA-FEIRA;20;quinta-feira;SEMANAL;094-PRESIDENTE PRUDENTE F LOCAL - D1
RODO/COURIER;LOCAL - D1;094-PRESIDENTE PRUDENTE F;QUINTA-FEIRA;20;sexta-feira;SEMANAL;094-PRESIDENTE PRUDENTE F LOCAL - D1
RODO/COURIER;LOCAL - D1;094-PRESIDENTE PRUDENTE F;SEXTA-FEIRA;20;sábado;SEMANAL;094-PRESIDENTE PRUDENTE F LOCAL - D1
RODO/COURIER;LOCAL - D1;094-PRESIDENTE PRUDENTE G;SEGUNDA-FEIRA;0;segunda-feira;SEMANAL;094-PRESIDENTE PRUDENTE G LOCAL - D1
RODO/COURIER;LOCAL - D1;094-PRESIDENTE PRUDENTE G;SEGUNDA-FEIRA;20;terça-feira;SEMANAL;094-PRESIDENTE PRUDENTE G LOCAL - D1
RODO/COURIER;LOCAL - D1;094-PRESIDENTE PRUDENTE G;TERÇA-FEIRA;20;quarta-feira;SEMANAL;094-PRESIDENTE PRUDENTE G LOCAL - D1
RODO/COURIER;LOCAL - D1;094-PRESIDENTE PRUDENTE G;QUARTA-FEIRA;20;quinta-feira;SEMANAL;094-PRESIDENTE PRUDENTE G LOCAL - D1
RODO/COURIER;LOCAL - D1;094-PRESIDENTE PRUDENTE G;QUINTA-FEIRA;20;sexta-feira;SEMANAL;094-PRESIDENTE PRUDENTE G LOCAL - D1
RODO/COURIER;LOCAL - D1;094-PRESIDENTE PRUDENTE G;SEXTA-FEIRA;20;sábado;SEMANAL;094-PRESIDENTE PRUDENTE G LOCAL - D1
RODO/COURIER;LOCAL - D1;094-PRESIDENTE PRUDENTE H;SEGUNDA-FEIRA;0;segunda-feira;SEMANAL;094-PRESIDENTE PRUDENTE H LOCAL - D1
RODO/COURIER;LOCAL - D1;094-PRESIDENTE PRUDENTE H;SEGUNDA-FEIRA;20;terça-feira;SEMANAL;094-PRESIDENTE PRUDENTE H LOCAL - D1
RODO/COURIER;LOCAL - D1;094-PRESIDENTE PRUDENTE H;TERÇA-FEIRA;20;quarta-feira;SEMANAL;094-PRESIDENTE PRUDENTE H LOCAL - D1
RODO/COURIER;LOCAL - D1;094-PRESIDENTE PRUDENTE H;QUARTA-FEIRA;20;quinta-feira;SEMANAL;094-PRESIDENTE PRUDENTE H LOCAL - D1
RODO/COURIER;LOCAL - D1;094-PRESIDENTE PRUDENTE H;QUINTA-FEIRA;20;sexta-feira;SEMANAL;094-PRESIDENTE PRUDENTE H LOCAL - D1
RODO/COURIER;LOCAL - D1;094-PRESIDENTE PRUDENTE H;SEXTA-FEIRA;20;sábado;SEMANAL;094-PRESIDENTE PRUDENTE H LOCAL - D1
RODO/COURIER;LOCAL - D1;094-PRESIDENTE PRUDENTE I;SEGUNDA-FEIRA;0;segunda-feira;SEMANAL;094-PRESIDENTE PRUDENTE I LOCAL - D1
RODO/COURIER;LOCAL - D1;094-PRESIDENTE PRUDENTE I;SEGUNDA-FEIRA;20;terça-feira;SEMANAL;094-PRESIDENTE PRUDENTE I LOCAL - D1
RODO/COURIER;LOCAL - D1;094-PRESIDENTE PRUDENTE I;TERÇA-FEIRA;20;quarta-feira;SEMANAL;094-PRESIDENTE PRUDENTE I LOCAL - D1
RODO/COURIER;LOCAL - D1;094-PRESIDENTE PRUDENTE I;QUARTA-FEIRA;20;quinta-feira;SEMANAL;094-PRESIDENTE PRUDENTE I LOCAL - D1
RODO/COURIER;LOCAL - D1;094-PRESIDENTE PRUDENTE I;QUINTA-FEIRA;20;sexta-feira;SEMANAL;094-PRESIDENTE PRUDENTE I LOCAL - D1
RODO/COURIER;LOCAL - D1;094-PRESIDENTE PRUDENTE I;SEXTA-FEIRA;20;sábado;SEMANAL;094-PRESIDENTE PRUDENTE I LOCAL - D1
RODO/COURIER;LOCAL - D1;094-PRESIDENTE PRUDENTE J;SEGUNDA-FEIRA;0;segunda-feira;SEMANAL;094-PRESIDENTE PRUDENTE J LOCAL - D1
RODO/COURIER;LOCAL - D1;094-PRESIDENTE PRUDENTE J;SEGUNDA-FEIRA;20;terça-feira;SEMANAL;094-PRESIDENTE PRUDENTE J LOCAL - D1
RODO/COURIER;LOCAL - D1;094-PRESIDENTE PRUDENTE J;TERÇA-FEIRA;20;quarta-feira;SEMANAL;094-PRESIDENTE PRUDENTE J LOCAL - D1
RODO/COURIER;LOCAL - D1;094-PRESIDENTE PRUDENTE J;QUARTA-FEIRA;20;quinta-feira;SEMANAL;094-PRESIDENTE PRUDENTE J LOCAL - D1
RODO/COURIER;LOCAL - D1;094-PRESIDENTE PRUDENTE J;QUINTA-FEIRA;20;sexta-feira;SEMANAL;094-PRESIDENTE PRUDENTE J LOCAL - D1
RODO/COURIER;LOCAL - D1;094-PRESIDENTE PRUDENTE J;SEXTA-FEIRA;20;sábado;SEMANAL;094-PRESIDENTE PRUDENTE J LOCAL - D1
RODO/COURIER;LOCAL - D1;094-PRESIDENTE PRUDENTE K;SEGUNDA-FEIRA;0;segunda-feira;SEMANAL;094-PRESIDENTE PRUDENTE K LOCAL - D1
RODO/COURIER;LOCAL - D1;094-PRESIDENTE PRUDENTE K;SEGUNDA-FEIRA;20;terça-feira;SEMANAL;094-PRESIDENTE PRUDENTE K LOCAL - D1
RODO/COURIER;LOCAL - D1;094-PRESIDENTE PRUDENTE K;TERÇA-FEIRA;20;quarta-feira;SEMANAL;094-PRESIDENTE PRUDENTE K LOCAL - D1
RODO/COURIER;LOCAL - D1;094-PRESIDENTE PRUDENTE K;QUARTA-FEIRA;20;quinta-feira;SEMANAL;094-PRESIDENTE PRUDENTE K LOCAL - D1
RODO/COURIER;LOCAL - D1;094-PRESIDENTE PRUDENTE K;QUINTA-FEIRA;20;sexta-feira;SEMANAL;094-PRESIDENTE PRUDENTE K LOCAL - D1
RODO/COURIER;LOCAL - D1;094-PRESIDENTE PRUDENTE K;SEXTA-FEIRA;20;sábado;SEMANAL;094-PRESIDENTE PRUDENTE K LOCAL - D1
RODO/COURIER;LOCAL - D1;094-PRESIDENTE PRUDENTE L;SEGUNDA-FEIRA;0;segunda-feira;SEMANAL;094-PRESIDENTE PRUDENTE L LOCAL - D1
RODO/COURIER;LOCAL - D1;094-PRESIDENTE PRUDENTE L;SEGUNDA-FEIRA;20;terça-feira;SEMANAL;094-PRESIDENTE PRUDENTE L LOCAL - D1
RODO/COURIER;LOCAL - D1;094-PRESIDENTE PRUDENTE L;TERÇA-FEIRA;20;quarta-feira;SEMANAL;094-PRESIDENTE PRUDENTE L LOCAL - D1
RODO/COURIER;LOCAL - D1;094-PRESIDENTE PRUDENTE L;QUARTA-FEIRA;20;quinta-feira;SEMANAL;094-PRESIDENTE PRUDENTE L LOCAL - D1
RODO/COURIER;LOCAL - D1;094-PRESIDENTE PRUDENTE L;QUINTA-FEIRA;20;sexta-feira;SEMANAL;094-PRESIDENTE PRUDENTE L LOCAL - D1
RODO/COURIER;LOCAL - D1;094-PRESIDENTE PRUDENTE L;SEXTA-FEIRA;20;sábado;SEMANAL;094-PRESIDENTE PRUDENTE L LOCAL - D1
RODO/COURIER;LOCAL - D1;094-PRESIDENTE PRUDENTE M;SEGUNDA-FEIRA;0;segunda-feira;SEMANAL;094-PRESIDENTE PRUDENTE M LOCAL - D1
RODO/COURIER;LOCAL - D1;094-PRESIDENTE PRUDENTE M;SEGUNDA-FEIRA;20;terça-feira;SEMANAL;094-PRESIDENTE PRUDENTE M LOCAL - D1
RODO/COURIER;LOCAL - D1;094-PRESIDENTE PRUDENTE M;TERÇA-FEIRA;20;quarta-feira;SEMANAL;094-PRESIDENTE PRUDENTE M LOCAL - D1
RODO/COURIER;LOCAL - D1;094-PRESIDENTE PRUDENTE M;QUARTA-FEIRA;20;quinta-feira;SEMANAL;094-PRESIDENTE PRUDENTE M LOCAL - D1
RODO/COURIER;LOCAL - D1;094-PRESIDENTE PRUDENTE M;QUINTA-FEIRA;20;sexta-feira;SEMANAL;094-PRESIDENTE PRUDENTE M LOCAL - D1
RODO/COURIER;LOCAL - D1;094-PRESIDENTE PRUDENTE M;SEXTA-FEIRA;20;sábado;SEMANAL;094-PRESIDENTE PRUDENTE M LOCAL - D1
RODO/COURIER;LOCAL - D1;094-PRESIDENTE PRUDENTE N;SEGUNDA-FEIRA;0;segunda-feira;SEMANAL;094-PRESIDENTE PRUDENTE N LOCAL - D1
RODO/COURIER;LOCAL - D1;094-PRESIDENTE PRUDENTE N;SEGUNDA-FEIRA;20;terça-feira;SEMANAL;094-PRESIDENTE PRUDENTE N LOCAL - D1
RODO/COURIER;LOCAL - D1;094-PRESIDENTE PRUDENTE N;TERÇA-FEIRA;20;quarta-feira;SEMANAL;094-PRESIDENTE PRUDENTE N LOCAL - D1
RODO/COURIER;LOCAL - D1;094-PRESIDENTE PRUDENTE N;QUARTA-FEIRA;20;quinta-feira;SEMANAL;094-PRESIDENTE PRUDENTE N LOCAL - D1
RODO/COURIER;LOCAL - D1;094-PRESIDENTE PRUDENTE N;QUINTA-FEIRA;20;sexta-feira;SEMANAL;094-PRESIDENTE PRUDENTE N LOCAL - D1
RODO/COURIER;LOCAL - D1;094-PRESIDENTE PRUDENTE N;SEXTA-FEIRA;20;sábado;SEMANAL;094-PRESIDENTE PRUDENTE N LOCAL - D1
RODO/COURIER;LOCAL - D1;094-PRESIDENTE PRUDENTE O;SEGUNDA-FEIRA;0;segunda-feira;SEMANAL;094-PRESIDENTE PRUDENTE O LOCAL - D1
RODO/COURIER;LOCAL - D1;094-PRESIDENTE PRUDENTE O;SEGUNDA-FEIRA;20;terça-feira;SEMANAL;094-PRESIDENTE PRUDENTE O LOCAL - D1
RODO/COURIER;LOCAL - D1;094-PRESIDENTE PRUDENTE O;TERÇA-FEIRA;20;quarta-feira;SEMANAL;094-PRESIDENTE PRUDENTE O LOCAL - D1
RODO/COURIER;LOCAL - D1;094-PRESIDENTE PRUDENTE O;QUARTA-FEIRA;20;quinta-feira;SEMANAL;094-PRESIDENTE PRUDENTE O LOCAL - D1
RODO/COURIER;LOCAL - D1;094-PRESIDENTE PRUDENTE O;QUINTA-FEIRA;20;sexta-feira;SEMANAL;094-PRESIDENTE PRUDENTE O LOCAL - D1
RODO/COURIER;LOCAL - D1;094-PRESIDENTE PRUDENTE O;SEXTA-FEIRA;20;sábado;SEMANAL;094-PRESIDENTE PRUDENTE O LOCAL - D1
RODO/COURIER;LOCAL - D1;094-PRESIDENTE PRUDENTE P;SEGUNDA-FEIRA;0;segunda-feira;SEMANAL;094-PRESIDENTE PRUDENTE P LOCAL - D1
RODO/COURIER;LOCAL - D1;094-PRESIDENTE PRUDENTE P;SEGUNDA-FEIRA;20;terça-feira;SEMANAL;094-PRESIDENTE PRUDENTE P LOCAL - D1
RODO/COURIER;LOCAL - D1;094-PRESIDENTE PRUDENTE P;TERÇA-FEIRA;20;quarta-feira;SEMANAL;094-PRESIDENTE PRUDENTE P LOCAL - D1
RODO/COURIER;LOCAL - D1;094-PRESIDENTE PRUDENTE P;QUARTA-FEIRA;20;quinta-feira;SEMANAL;094-PRESIDENTE PRUDENTE P LOCAL - D1
RODO/COURIER;LOCAL - D1;094-PRESIDENTE PRUDENTE P;QUINTA-FEIRA;20;sexta-feira;SEMANAL;094-PRESIDENTE PRUDENTE P LOCAL - D1
RODO/COURIER;LOCAL - D1;094-PRESIDENTE PRUDENTE P;SEXTA-FEIRA;20;sábado;SEMANAL;094-PRESIDENTE PRUDENTE P LOCAL - D1
RODO/COURIER;LOCAL - D1;094-SARANDI A;SEGUNDA-FEIRA;0;segunda-feira;SEMANAL;094-SARANDI A LOCAL - D1
RODO/COURIER;LOCAL - D1;094-SARANDI A;QUARTA-FEIRA;0;quarta-feira;SEMANAL;094-SARANDI A LOCAL - D1
RODO/COURIER;LOCAL - D1;094-SARANDI A;SEXTA-FEIRA;0;sexta-feira;SEMANAL;094-SARANDI A LOCAL - D1
RODO/COURIER;LOCAL - D1;094-SARANDI B;SEGUNDA-FEIRA;0;segunda-feira;SEMANAL;094-SARANDI B LOCAL - D1
RODO/COURIER;LOCAL - D1;094-SARANDI B;QUARTA-FEIRA;0;quarta-feira;SEMANAL;094-SARANDI B LOCAL - D1
RODO/COURIER;LOCAL - D1;094-SARANDI B;SEXTA-FEIRA;0;sexta-feira;SEMANAL;094-SARANDI B LOCAL - D1
RODO/COURIER;LOCAL - D1;094-SARANDI C;SEGUNDA-FEIRA;0;segunda-feira;SEMANAL;094-SARANDI C LOCAL - D1
RODO/COURIER;LOCAL - D1;094-SARANDI C;QUARTA-FEIRA;0;quarta-feira;SEMANAL;094-SARANDI C LOCAL - D1
RODO/COURIER;LOCAL - D1;094-SARANDI C;SEXTA-FEIRA;0;sexta-feira;SEMANAL;094-SARANDI C LOCAL - D1
RODO/COURIER;LOCAL - D1;094-SARANDI D;SEGUNDA-FEIRA;0;segunda-feira;SEMANAL;094-SARANDI D LOCAL - D1
RODO/COURIER;LOCAL - D1;094-SARANDI D;QUARTA-FEIRA;0;quarta-feira;SEMANAL;094-SARANDI D LOCAL - D1
RODO/COURIER;LOCAL - D1;094-SARANDI D;SEXTA-FEIRA;0;sexta-feira;SEMANAL;094-SARANDI D LOCAL - D1
RODO/COURIER;LOCAL - D1;094-SARANDI E;SEGUNDA-FEIRA;0;segunda-feira;SEMANAL;094-SARANDI E LOCAL - D1
RODO/COURIER;LOCAL - D1;094-SARANDI E;QUARTA-FEIRA;0;quarta-feira;SEMANAL;094-SARANDI E LOCAL - D1
RODO/COURIER;LOCAL - D1;094-SARANDI E;SEXTA-FEIRA;0;sexta-feira;SEMANAL;094-SARANDI E LOCAL - D1
RODO/COURIER;LOCAL - D1;094-SARANDI G;SEGUNDA-FEIRA;0;segunda-feira;SEMANAL;094-SARANDI G LOCAL - D1
RODO/COURIER;LOCAL - D1;094-SARANDI G;QUARTA-FEIRA;0;quarta-feira;SEMANAL;094-SARANDI G LOCAL - D1
RODO/COURIER;LOCAL - D1;094-SARANDI G;SEXTA-FEIRA;0;sexta-feira;SEMANAL;094-SARANDI G LOCAL - D1
RODO/COURIER;LOCAL - D1;094-SARANDI H;SEGUNDA-FEIRA;0;segunda-feira;SEMANAL;094-SARANDI H LOCAL - D1
RODO/COURIER;LOCAL - D1;094-SARANDI H;QUARTA-FEIRA;0;quarta-feira;SEMANAL;094-SARANDI H LOCAL - D1
RODO/COURIER;LOCAL - D1;094-SARANDI H;SEXTA-FEIRA;0;sexta-feira;SEMANAL;094-SARANDI H LOCAL - D1
RODO/COURIER;LOCAL - D1;094-SARANDI I;SEGUNDA-FEIRA;0;segunda-feira;SEMANAL;094-SARANDI I LOCAL - D1
RODO/COURIER;LOCAL - D1;094-SARANDI I;QUARTA-FEIRA;0;quarta-feira;SEMANAL;094-SARANDI I LOCAL - D1
RODO/COURIER;LOCAL - D1;094-SARANDI I;SEXTA-FEIRA;0;sexta-feira;SEMANAL;094-SARANDI I LOCAL - D1
RODO/COURIER;LOCAL - D1;094-SARANDI J;SEGUNDA-FEIRA;0;segunda-feira;SEMANAL;094-SARANDI J LOCAL - D1
RODO/COURIER;LOCAL - D1;094-SARANDI J;QUARTA-FEIRA;0;quarta-feira;SEMANAL;094-SARANDI J LOCAL - D1
RODO/COURIER;LOCAL - D1;094-SARANDI J;SEXTA-FEIRA;0;sexta-feira;SEMANAL;094-SARANDI J LOCAL - D1
RODO/COURIER;LOCAL - D2;094-ARAPONGAS A;SEGUNDA-FEIRA;0;segunda-feira;SEMANAL;094-ARAPONGAS A LOCAL - D2
RODO/COURIER;LOCAL - D2;094-ARAPONGAS A;QUARTA-FEIRA;0;quarta-feira;SEMANAL;094-ARAPONGAS A LOCAL - D2
RODO/COURIER;LOCAL - D2;094-ARAPONGAS A;SEXTA-FEIRA;0;sexta-feira;SEMANAL;094-ARAPONGAS A LOCAL - D2
RODO/COURIER;LOCAL - D2;094-ARAPONGAS B;SEGUNDA-FEIRA;0;segunda-feira;SEMANAL;094-ARAPONGAS B LOCAL - D2
RODO/COURIER;LOCAL - D2;094-ARAPONGAS B;QUARTA-FEIRA;0;quarta-feira;SEMANAL;094-ARAPONGAS B LOCAL - D2
RODO/COURIER;LOCAL - D2;094-ARAPONGAS B;SEXTA-FEIRA;0;sexta-feira;SEMANAL;094-ARAPONGAS B LOCAL - D2
RODO/COURIER;LOCAL - D2;094-ARAPONGAS C;SEGUNDA-FEIRA;0;segunda-feira;SEMANAL;094-ARAPONGAS C LOCAL - D2
RODO/COURIER;LOCAL - D2;094-ARAPONGAS C;QUARTA-FEIRA;0;quarta-feira;SEMANAL;094-ARAPONGAS C LOCAL - D2
RODO/COURIER;LOCAL - D2;094-ARAPONGAS C;SEXTA-FEIRA;0;sexta-feira;SEMANAL;094-ARAPONGAS C LOCAL - D2
RODO/COURIER;LOCAL - D2;094-ARAPONGAS D;SEGUNDA-FEIRA;0;segunda-feira;SEMANAL;094-ARAPONGAS D LOCAL - D2
RODO/COURIER;LOCAL - D2;094-ARAPONGAS D;QUARTA-FEIRA;0;quarta-feira;SEMANAL;094-ARAPONGAS D LOCAL - D2
RODO/COURIER;LOCAL - D2;094-ARAPONGAS D;SEXTA-FEIRA;0;sexta-feira;SEMANAL;094-ARAPONGAS D LOCAL - D2
RODO/COURIER;LOCAL - D2;094-ARAPONGAS E;SEGUNDA-FEIRA;0;segunda-feira;SEMANAL;094-ARAPONGAS E LOCAL - D2
RODO/COURIER;LOCAL - D2;094-ARAPONGAS E;QUARTA-FEIRA;0;quarta-feira;SEMANAL;094-ARAPONGAS E LOCAL - D2
RODO/COURIER;LOCAL - D2;094-ARAPONGAS E;SEXTA-FEIRA;0;sexta-feira;SEMANAL;094-ARAPONGAS E LOCAL - D2
RODO/COURIER;LOCAL - D2;094-ARAPONGAS F;SEGUNDA-FEIRA;0;segunda-feira;SEMANAL;094-ARAPONGAS F LOCAL - D2
RODO/COURIER;LOCAL - D2;094-ARAPONGAS F;QUARTA-FEIRA;0;quarta-feira;SEMANAL;094-ARAPONGAS F LOCAL - D2
RODO/COURIER;LOCAL - D2;094-ARAPONGAS F;SEXTA-FEIRA;0;sexta-feira;SEMANAL;094-ARAPONGAS F LOCAL - D2
RODO/COURIER;LOCAL - D2;094-ARAPONGAS G;SEGUNDA-FEIRA;0;segunda-feira;SEMANAL;094-ARAPONGAS G LOCAL - D2
RODO/COURIER;LOCAL - D2;094-ARAPONGAS G;QUARTA-FEIRA;0;quarta-feira;SEMANAL;094-ARAPONGAS G LOCAL - D2
RODO/COURIER;LOCAL - D2;094-ARAPONGAS G;SEXTA-FEIRA;0;sexta-feira;SEMANAL;094-ARAPONGAS G LOCAL - D2
RODO/COURIER;LOCAL - D2;094-ARAPONGAS H;SEGUNDA-FEIRA;0;segunda-feira;SEMANAL;094-ARAPONGAS H LOCAL - D2
RODO/COURIER;LOCAL - D2;094-ARAPONGAS H;QUARTA-FEIRA;0;quarta-feira;SEMANAL;094-ARAPONGAS H LOCAL - D2
RODO/COURIER;LOCAL - D2;094-ARAPONGAS H;SEXTA-FEIRA;0;sexta-feira;SEMANAL;094-ARAPONGAS H LOCAL - D2
RODO/COURIER;LOCAL - D2;094-ARAPONGAS I;SEGUNDA-FEIRA;0;segunda-feira;SEMANAL;094-ARAPONGAS I LOCAL - D2
RODO/COURIER;LOCAL - D2;094-ARAPONGAS I;QUARTA-FEIRA;0;quarta-feira;SEMANAL;094-ARAPONGAS I LOCAL - D2
RODO/COURIER;LOCAL - D2;094-ARAPONGAS I;SEXTA-FEIRA;0;sexta-feira;SEMANAL;094-ARAPONGAS I LOCAL - D2
RODO/COURIER;LOCAL - D2;094-ARAPONGAS J;SEGUNDA-FEIRA;0;segunda-feira;SEMANAL;094-ARAPONGAS J LOCAL - D2
RODO/COURIER;LOCAL - D2;094-ARAPONGAS J;QUARTA-FEIRA;0;quarta-feira;SEMANAL;094-ARAPONGAS J LOCAL - D2
RODO/COURIER;LOCAL - D2;094-ARAPONGAS J;SEXTA-FEIRA;0;sexta-feira;SEMANAL;094-ARAPONGAS J LOCAL - D2
RODO/COURIER;LOCAL - D2;094-ARAPONGAS K;SEGUNDA-FEIRA;0;segunda-feira;SEMANAL;094-ARAPONGAS K LOCAL - D2
RODO/COURIER;LOCAL - D2;094-ARAPONGAS K;QUARTA-FEIRA;0;quarta-feira;SEMANAL;094-ARAPONGAS K LOCAL - D2
RODO/COURIER;LOCAL - D2;094-ARAPONGAS K;SEXTA-FEIRA;0;sexta-feira;SEMANAL;094-ARAPONGAS K LOCAL - D2
RODO/COURIER;LOCAL - D2;094-ARAPONGAS L;SEGUNDA-FEIRA;0;segunda-feira;SEMANAL;094-ARAPONGAS L LOCAL - D2
RODO/COURIER;LOCAL - D2;094-ARAPONGAS L;QUARTA-FEIRA;0;quarta-feira;SEMANAL;094-ARAPONGAS L LOCAL - D2
RODO/COURIER;LOCAL - D2;094-ARAPONGAS L;SEXTA-FEIRA;0;sexta-feira;SEMANAL;094-ARAPONGAS L LOCAL - D2
RODO/COURIER;LOCAL - D2;094-CASCAVEL A;SEGUNDA-FEIRA;13;terça-feira;SEMANAL;094-CASCAVEL A LOCAL - D2
RODO/COURIER;LOCAL - D2;094-CASCAVEL A;TERÇA-FEIRA;13;quarta-feira;SEMANAL;094-CASCAVEL A LOCAL - D2
RODO/COURIER;LOCAL - D2;094-CASCAVEL A;QUARTA-FEIRA;13;quinta-feira;SEMANAL;094-CASCAVEL A LOCAL - D2
RODO/COURIER;LOCAL - D2;094-CASCAVEL A;QUINTA-FEIRA;13;sexta-feira;SEMANAL;094-CASCAVEL A LOCAL - D2
RODO/COURIER;LOCAL - D2;094-CASCAVEL A;SÁBADO;13;segunda-feira;SEMANAL;094-CASCAVEL A LOCAL - D2
RODO/COURIER;LOCAL - D2;094-CASCAVEL B;SEGUNDA-FEIRA;13;terça-feira;SEMANAL;094-CASCAVEL B LOCAL - D2
RODO/COURIER;LOCAL - D2;094-CASCAVEL B;TERÇA-FEIRA;13;quarta-feira;SEMANAL;094-CASCAVEL B LOCAL - D2
RODO/COURIER;LOCAL - D2;094-CASCAVEL B;QUARTA-FEIRA;13;quinta-feira;SEMANAL;094-CASCAVEL B LOCAL - D2
RODO/COURIER;LOCAL - D2;094-CASCAVEL B;QUINTA-FEIRA;13;sexta-feira;SEMANAL;094-CASCAVEL B LOCAL - D2
RODO/COURIER;LOCAL - D2;094-CASCAVEL B;SÁBADO;13;segunda-feira;SEMANAL;094-CASCAVEL B LOCAL - D2
RODO/COURIER;LOCAL - D2;094-CASCAVEL C;SEGUNDA-FEIRA;13;terça-feira;SEMANAL;094-CASCAVEL C LOCAL - D2
RODO/COURIER;LOCAL - D2;094-CASCAVEL C;TERÇA-FEIRA;13;quarta-feira;SEMANAL;094-CASCAVEL C LOCAL - D2
RODO/COURIER;LOCAL - D2;094-CASCAVEL C;QUARTA-FEIRA;13;quinta-feira;SEMANAL;094-CASCAVEL C LOCAL - D2
RODO/COURIER;LOCAL - D2;094-CASCAVEL C;QUINTA-FEIRA;13;sexta-feira;SEMANAL;094-CASCAVEL C LOCAL - D2
RODO/COURIER;LOCAL - D2;094-CASCAVEL C;SÁBADO;13;segunda-feira;SEMANAL;094-CASCAVEL C LOCAL - D2
RODO/COURIER;LOCAL - D2;094-CASCAVEL D;SEGUNDA-FEIRA;13;terça-feira;SEMANAL;094-CASCAVEL D LOCAL - D2
RODO/COURIER;LOCAL - D2;094-CASCAVEL D;TERÇA-FEIRA;13;quarta-feira;SEMANAL;094-CASCAVEL D LOCAL - D2
RODO/COURIER;LOCAL - D2;094-CASCAVEL D;QUARTA-FEIRA;13;quinta-feira;SEMANAL;094-CASCAVEL D LOCAL - D2
RODO/COURIER;LOCAL - D2;094-CASCAVEL D;QUINTA-FEIRA;13;sexta-feira;SEMANAL;094-CASCAVEL D LOCAL - D2
RODO/COURIER;LOCAL - D2;094-CASCAVEL D;SÁBADO;13;segunda-feira;SEMANAL;094-CASCAVEL D LOCAL - D2
RODO/COURIER;LOCAL - D2;094-CASCAVEL E;SEGUNDA-FEIRA;13;terça-feira;SEMANAL;094-CASCAVEL E LOCAL - D2
RODO/COURIER;LOCAL - D2;094-CASCAVEL E;TERÇA-FEIRA;13;quarta-feira;SEMANAL;094-CASCAVEL E LOCAL - D2
RODO/COURIER;LOCAL - D2;094-CASCAVEL E;QUARTA-FEIRA;13;quinta-feira;SEMANAL;094-CASCAVEL E LOCAL - D2
RODO/COURIER;LOCAL - D2;094-CASCAVEL E;QUINTA-FEIRA;13;sexta-feira;SEMANAL;094-CASCAVEL E LOCAL - D2
RODO/COURIER;LOCAL - D2;094-CASCAVEL E;SÁBADO;13;segunda-feira;SEMANAL;094-CASCAVEL E LOCAL - D2
RODO/COURIER;LOCAL - D2;094-CASCAVEL F;SEGUNDA-FEIRA;13;terça-feira;SEMANAL;094-CASCAVEL F LOCAL - D2
RODO/COURIER;LOCAL - D2;094-CASCAVEL F;TERÇA-FEIRA;13;quarta-feira;SEMANAL;094-CASCAVEL F LOCAL - D2
RODO/COURIER;LOCAL - D2;094-CASCAVEL F;QUARTA-FEIRA;13;quinta-feira;SEMANAL;094-CASCAVEL F LOCAL - D2
RODO/COURIER;LOCAL - D2;094-CASCAVEL F;QUINTA-FEIRA;13;sexta-feira;SEMANAL;094-CASCAVEL F LOCAL - D2
RODO/COURIER;LOCAL - D2;094-CASCAVEL F;SÁBADO;13;segunda-feira;SEMANAL;094-CASCAVEL F LOCAL - D2
RODO/COURIER;LOCAL - D2;094-CASCAVEL G;SEGUNDA-FEIRA;13;terça-feira;SEMANAL;094-CASCAVEL G LOCAL - D2
RODO/COURIER;LOCAL - D2;094-CASCAVEL G;TERÇA-FEIRA;13;quarta-feira;SEMANAL;094-CASCAVEL G LOCAL - D2
RODO/COURIER;LOCAL - D2;094-CASCAVEL G;QUARTA-FEIRA;13;quinta-feira;SEMANAL;094-CASCAVEL G LOCAL - D2
RODO/COURIER;LOCAL - D2;094-CASCAVEL G;QUINTA-FEIRA;13;sexta-feira;SEMANAL;094-CASCAVEL G LOCAL - D2
RODO/COURIER;LOCAL - D2;094-CASCAVEL G;SÁBADO;13;segunda-feira;SEMANAL;094-CASCAVEL G LOCAL - D2
RODO/COURIER;LOCAL - D2;094-CASCAVEL H;SEGUNDA-FEIRA;13;terça-feira;SEMANAL;094-CASCAVEL H LOCAL - D2
RODO/COURIER;LOCAL - D2;094-CASCAVEL H;TERÇA-FEIRA;13;quarta-feira;SEMANAL;094-CASCAVEL H LOCAL - D2
RODO/COURIER;LOCAL - D2;094-CASCAVEL H;QUARTA-FEIRA;13;quinta-feira;SEMANAL;094-CASCAVEL H LOCAL - D2
RODO/COURIER;LOCAL - D2;094-CASCAVEL H;QUINTA-FEIRA;13;sexta-feira;SEMANAL;094-CASCAVEL H LOCAL - D2
RODO/COURIER;LOCAL - D2;094-CASCAVEL H;SÁBADO;13;segunda-feira;SEMANAL;094-CASCAVEL H LOCAL - D2
RODO/COURIER;LOCAL - D2;094-CASCAVEL I;SEGUNDA-FEIRA;13;terça-feira;SEMANAL;094-CASCAVEL I LOCAL - D2
RODO/COURIER;LOCAL - D2;094-CASCAVEL I;TERÇA-FEIRA;13;quarta-feira;SEMANAL;094-CASCAVEL I LOCAL - D2
RODO/COURIER;LOCAL - D2;094-CASCAVEL I;QUARTA-FEIRA;13;quinta-feira;SEMANAL;094-CASCAVEL I LOCAL - D2
RODO/COURIER;LOCAL - D2;094-CASCAVEL I;QUINTA-FEIRA;13;sexta-feira;SEMANAL;094-CASCAVEL I LOCAL - D2
RODO/COURIER;LOCAL - D2;094-CASCAVEL I;SÁBADO;13;segunda-feira;SEMANAL;094-CASCAVEL I LOCAL - D2
RODO/COURIER;LOCAL - D2;094-DOURADOS A;SEGUNDA-FEIRA;6;terça-feira;SEMANAL;094-DOURADOS A LOCAL - D2
RODO/COURIER;LOCAL - D2;094-DOURADOS A;TERÇA-FEIRA;6;quarta-feira;SEMANAL;094-DOURADOS A LOCAL - D2
RODO/COURIER;LOCAL - D2;094-DOURADOS A;QUARTA-FEIRA;6;quinta-feira;SEMANAL;094-DOURADOS A LOCAL - D2
RODO/COURIER;LOCAL - D2;094-DOURADOS A;QUINTA-FEIRA;6;sexta-feira;SEMANAL;094-DOURADOS A LOCAL - D2
RODO/COURIER;LOCAL - D2;094-DOURADOS A;SEXTA-FEIRA;20;segunda-feira;SEMANAL;094-DOURADOS A LOCAL - D2
RODO/COURIER;LOCAL - D2;094-DOURADOS B;SEGUNDA-FEIRA;6;terça-feira;SEMANAL;094-DOURADOS B LOCAL - D2
RODO/COURIER;LOCAL - D2;094-DOURADOS B;TERÇA-FEIRA;6;quarta-feira;SEMANAL;094-DOURADOS B LOCAL - D2
RODO/COURIER;LOCAL - D2;094-DOURADOS B;QUARTA-FEIRA;6;quinta-feira;SEMANAL;094-DOURADOS B LOCAL - D2
RODO/COURIER;LOCAL - D2;094-DOURADOS B;QUINTA-FEIRA;6;sexta-feira;SEMANAL;094-DOURADOS B LOCAL - D2
RODO/COURIER;LOCAL - D2;094-DOURADOS B;SEXTA-FEIRA;20;segunda-feira;SEMANAL;094-DOURADOS B LOCAL - D2
RODO/COURIER;LOCAL - D2;094-DOURADOS C;SEGUNDA-FEIRA;6;terça-feira;SEMANAL;094-DOURADOS C LOCAL - D2
RODO/COURIER;LOCAL - D2;094-DOURADOS C;TERÇA-FEIRA;6;quarta-feira;SEMANAL;094-DOURADOS C LOCAL - D2
RODO/COURIER;LOCAL - D2;094-DOURADOS C;QUARTA-FEIRA;6;quinta-feira;SEMANAL;094-DOURADOS C LOCAL - D2
RODO/COURIER;LOCAL - D2;094-DOURADOS C;QUINTA-FEIRA;6;sexta-feira;SEMANAL;094-DOURADOS C LOCAL - D2
RODO/COURIER;LOCAL - D2;094-DOURADOS C;SEXTA-FEIRA;20;segunda-feira;SEMANAL;094-DOURADOS C LOCAL - D2
RODO/COURIER;LOCAL - D2;094-DOURADOS D;SEGUNDA-FEIRA;6;terça-feira;SEMANAL;094-DOURADOS D LOCAL - D2
RODO/COURIER;LOCAL - D2;094-DOURADOS D;TERÇA-FEIRA;6;quarta-feira;SEMANAL;094-DOURADOS D LOCAL - D2
RODO/COURIER;LOCAL - D2;094-DOURADOS D;QUARTA-FEIRA;6;quinta-feira;SEMANAL;094-DOURADOS D LOCAL - D2
RODO/COURIER;LOCAL - D2;094-DOURADOS D;QUINTA-FEIRA;6;sexta-feira;SEMANAL;094-DOURADOS D LOCAL - D2
RODO/COURIER;LOCAL - D2;094-DOURADOS D;SEXTA-FEIRA;20;segunda-feira;SEMANAL;094-DOURADOS D LOCAL - D2
RODO/COURIER;LOCAL - D2;094-DOURADOS E;SEGUNDA-FEIRA;6;terça-feira;SEMANAL;094-DOURADOS E LOCAL - D2
RODO/COURIER;LOCAL - D2;094-DOURADOS E;TERÇA-FEIRA;6;quarta-feira;SEMANAL;094-DOURADOS E LOCAL - D2
RODO/COURIER;LOCAL - D2;094-DOURADOS E;QUARTA-FEIRA;6;quinta-feira;SEMANAL;094-DOURADOS E LOCAL - D2
RODO/COURIER;LOCAL - D2;094-DOURADOS E;QUINTA-FEIRA;6;sexta-feira;SEMANAL;094-DOURADOS E LOCAL - D2
RODO/COURIER;LOCAL - D2;094-DOURADOS E;SEXTA-FEIRA;20;segunda-feira;SEMANAL;094-DOURADOS E LOCAL - D2
RODO/COURIER;LOCAL - D2;094-DOURADOS F;SEGUNDA-FEIRA;6;terça-feira;SEMANAL;094-DOURADOS F LOCAL - D2
RODO/COURIER;LOCAL - D2;094-DOURADOS F;TERÇA-FEIRA;6;quarta-feira;SEMANAL;094-DOURADOS F LOCAL - D2
RODO/COURIER;LOCAL - D2;094-DOURADOS F;QUARTA-FEIRA;6;quinta-feira;SEMANAL;094-DOURADOS F LOCAL - D2
RODO/COURIER;LOCAL - D2;094-DOURADOS F;QUINTA-FEIRA;6;sexta-feira;SEMANAL;094-DOURADOS F LOCAL - D2
RODO/COURIER;LOCAL - D2;094-DOURADOS F;SEXTA-FEIRA;20;segunda-feira;SEMANAL;094-DOURADOS F LOCAL - D2
RODO/COURIER;LOCAL - D2;094-DOURADOS G;SEGUNDA-FEIRA;6;terça-feira;SEMANAL;094-DOURADOS G LOCAL - D2
RODO/COURIER;LOCAL - D2;094-DOURADOS G;TERÇA-FEIRA;6;quarta-feira;SEMANAL;094-DOURADOS G LOCAL - D2
RODO/COURIER;LOCAL - D2;094-DOURADOS G;QUARTA-FEIRA;6;quinta-feira;SEMANAL;094-DOURADOS G LOCAL - D2
RODO/COURIER;LOCAL - D2;094-DOURADOS G;QUINTA-FEIRA;6;sexta-feira;SEMANAL;094-DOURADOS G LOCAL - D2
RODO/COURIER;LOCAL - D2;094-DOURADOS G;SEXTA-FEIRA;20;segunda-feira;SEMANAL;094-DOURADOS G LOCAL - D2
RODO/COURIER;LOCAL - D2;094-DOURADOS H;SEGUNDA-FEIRA;6;terça-feira;SEMANAL;094-DOURADOS H LOCAL - D2
RODO/COURIER;LOCAL - D2;094-DOURADOS H;TERÇA-FEIRA;6;quarta-feira;SEMANAL;094-DOURADOS H LOCAL - D2
RODO/COURIER;LOCAL - D2;094-DOURADOS H;QUARTA-FEIRA;6;quinta-feira;SEMANAL;094-DOURADOS H LOCAL - D2
RODO/COURIER;LOCAL - D2;094-DOURADOS H;QUINTA-FEIRA;6;sexta-feira;SEMANAL;094-DOURADOS H LOCAL - D2
RODO/COURIER;LOCAL - D2;094-DOURADOS H;SEXTA-FEIRA;20;segunda-feira;SEMANAL;094-DOURADOS H LOCAL - D2
RODO/COURIER;LOCAL - D2;094-DOURADOS J;SEGUNDA-FEIRA;6;terça-feira;SEMANAL;094-DOURADOS J LOCAL - D2
RODO/COURIER;LOCAL - D2;094-DOURADOS J;TERÇA-FEIRA;6;quarta-feira;SEMANAL;094-DOURADOS J LOCAL - D2
RODO/COURIER;LOCAL - D2;094-DOURADOS J;QUARTA-FEIRA;6;quinta-feira;SEMANAL;094-DOURADOS J LOCAL - D2
RODO/COURIER;LOCAL - D2;094-DOURADOS J;QUINTA-FEIRA;6;sexta-feira;SEMANAL;094-DOURADOS J LOCAL - D2
RODO/COURIER;LOCAL - D2;094-DOURADOS J;SEXTA-FEIRA;20;segunda-feira;SEMANAL;094-DOURADOS J LOCAL - D2
RODO/COURIER;LOCAL - D2;094-DOURADOS K;SEGUNDA-FEIRA;6;terça-feira;SEMANAL;094-DOURADOS K LOCAL - D2
RODO/COURIER;LOCAL - D2;094-DOURADOS K;TERÇA-FEIRA;6;quarta-feira;SEMANAL;094-DOURADOS K LOCAL - D2
RODO/COURIER;LOCAL - D2;094-DOURADOS K;QUARTA-FEIRA;6;quinta-feira;SEMANAL;094-DOURADOS K LOCAL - D2
RODO/COURIER;LOCAL - D2;094-DOURADOS K;QUINTA-FEIRA;6;sexta-feira;SEMANAL;094-DOURADOS K LOCAL - D2
RODO/COURIER;LOCAL - D2;094-DOURADOS K;SEXTA-FEIRA;20;segunda-feira;SEMANAL;094-DOURADOS K LOCAL - D2
RODO/COURIER;LOCAL - D2;094-FOZ DO IGUACU A;SEGUNDA-FEIRA;13;terça-feira;SEMANAL;094-FOZ DO IGUACU A LOCAL - D2
RODO/COURIER;LOCAL - D2;094-FOZ DO IGUACU A;TERÇA-FEIRA;13;quarta-feira;SEMANAL;094-FOZ DO IGUACU A LOCAL - D2
RODO/COURIER;LOCAL - D2;094-FOZ DO IGUACU A;QUARTA-FEIRA;13;quinta-feira;SEMANAL;094-FOZ DO IGUACU A LOCAL - D2
RODO/COURIER;LOCAL - D2;094-FOZ DO IGUACU A;QUINTA-FEIRA;13;sexta-feira;SEMANAL;094-FOZ DO IGUACU A LOCAL - D2
RODO/COURIER;LOCAL - D2;094-FOZ DO IGUACU A;SÁBADO;13;segunda-feira;SEMANAL;094-FOZ DO IGUACU A LOCAL - D2
RODO/COURIER;LOCAL - D2;094-FOZ DO IGUACU B;SEGUNDA-FEIRA;13;terça-feira;SEMANAL;094-FOZ DO IGUACU B LOCAL - D2
RODO/COURIER;LOCAL - D2;094-FOZ DO IGUACU B;TERÇA-FEIRA;13;quarta-feira;SEMANAL;094-FOZ DO IGUACU B LOCAL - D2
RODO/COURIER;LOCAL - D2;094-FOZ DO IGUACU B;QUARTA-FEIRA;13;quinta-feira;SEMANAL;094-FOZ DO IGUACU B LOCAL - D2
RODO/COURIER;LOCAL - D2;094-FOZ DO IGUACU B;QUINTA-FEIRA;13;sexta-feira;SEMANAL;094-FOZ DO IGUACU B LOCAL - D2
RODO/COURIER;LOCAL - D2;094-FOZ DO IGUACU B;SÁBADO;13;segunda-feira;SEMANAL;094-FOZ DO IGUACU B LOCAL - D2
RODO/COURIER;LOCAL - D2;094-FOZ DO IGUACU C;SEGUNDA-FEIRA;13;terça-feira;SEMANAL;094-FOZ DO IGUACU C LOCAL - D2
RODO/COURIER;LOCAL - D2;094-FOZ DO IGUACU C;TERÇA-FEIRA;13;quarta-feira;SEMANAL;094-FOZ DO IGUACU C LOCAL - D2
RODO/COURIER;LOCAL - D2;094-FOZ DO IGUACU C;QUARTA-FEIRA;13;quinta-feira;SEMANAL;094-FOZ DO IGUACU C LOCAL - D2
RODO/COURIER;LOCAL - D2;094-FOZ DO IGUACU C;QUINTA-FEIRA;13;sexta-feira;SEMANAL;094-FOZ DO IGUACU C LOCAL - D2
RODO/COURIER;LOCAL - D2;094-FOZ DO IGUACU C;SÁBADO;13;segunda-feira;SEMANAL;094-FOZ DO IGUACU C LOCAL - D2
RODO/COURIER;LOCAL - D2;094-FOZ DO IGUACU D;SEGUNDA-FEIRA;13;terça-feira;SEMANAL;094-FOZ DO IGUACU D LOCAL - D2
RODO/COURIER;LOCAL - D2;094-FOZ DO IGUACU D;TERÇA-FEIRA;13;quarta-feira;SEMANAL;094-FOZ DO IGUACU D LOCAL - D2
RODO/COURIER;LOCAL - D2;094-FOZ DO IGUACU D;QUARTA-FEIRA;13;quinta-feira;SEMANAL;094-FOZ DO IGUACU D LOCAL - D2
RODO/COURIER;LOCAL - D2;094-FOZ DO IGUACU D;QUINTA-FEIRA;13;sexta-feira;SEMANAL;094-FOZ DO IGUACU D LOCAL - D2
RODO/COURIER;LOCAL - D2;094-FOZ DO IGUACU D;SÁBADO;13;segunda-feira;SEMANAL;094-FOZ DO IGUACU D LOCAL - D2
RODO/COURIER;LOCAL - D2;094-FOZ DO IGUACU E;SEGUNDA-FEIRA;13;terça-feira;SEMANAL;094-FOZ DO IGUACU E LOCAL - D2
RODO/COURIER;LOCAL - D2;094-FOZ DO IGUACU E;TERÇA-FEIRA;13;quarta-feira;SEMANAL;094-FOZ DO IGUACU E LOCAL - D2
RODO/COURIER;LOCAL - D2;094-FOZ DO IGUACU E;QUARTA-FEIRA;13;quinta-feira;SEMANAL;094-FOZ DO IGUACU E LOCAL - D2
RODO/COURIER;LOCAL - D2;094-FOZ DO IGUACU E;QUINTA-FEIRA;13;sexta-feira;SEMANAL;094-FOZ DO IGUACU E LOCAL - D2
RODO/COURIER;LOCAL - D2;094-FOZ DO IGUACU E;SÁBADO;13;segunda-feira;SEMANAL;094-FOZ DO IGUACU E LOCAL - D2
RODO/COURIER;LOCAL - D2;094-FOZ DO IGUACU F;SEGUNDA-FEIRA;13;terça-feira;SEMANAL;094-FOZ DO IGUACU F LOCAL - D2
RODO/COURIER;LOCAL - D2;094-FOZ DO IGUACU F;TERÇA-FEIRA;13;quarta-feira;SEMANAL;094-FOZ DO IGUACU F LOCAL - D2
RODO/COURIER;LOCAL - D2;094-FOZ DO IGUACU F;QUARTA-FEIRA;13;quinta-feira;SEMANAL;094-FOZ DO IGUACU F LOCAL - D2
RODO/COURIER;LOCAL - D2;094-FOZ DO IGUACU F;QUINTA-FEIRA;13;sexta-feira;SEMANAL;094-FOZ DO IGUACU F LOCAL - D2
RODO/COURIER;LOCAL - D2;094-FOZ DO IGUACU F;SÁBADO;13;segunda-feira;SEMANAL;094-FOZ DO IGUACU F LOCAL - D2
RODO/COURIER;LOCAL - D2;094-FOZ DO IGUACU G;SEGUNDA-FEIRA;13;terça-feira;SEMANAL;094-FOZ DO IGUACU G LOCAL - D2
RODO/COURIER;LOCAL - D2;094-FOZ DO IGUACU G;TERÇA-FEIRA;13;quarta-feira;SEMANAL;094-FOZ DO IGUACU G LOCAL - D2
RODO/COURIER;LOCAL - D2;094-FOZ DO IGUACU G;QUARTA-FEIRA;13;quinta-feira;SEMANAL;094-FOZ DO IGUACU G LOCAL - D2
RODO/COURIER;LOCAL - D2;094-FOZ DO IGUACU G;QUINTA-FEIRA;13;sexta-feira;SEMANAL;094-FOZ DO IGUACU G LOCAL - D2
RODO/COURIER;LOCAL - D2;094-FOZ DO IGUACU G;SÁBADO;13;segunda-feira;SEMANAL;094-FOZ DO IGUACU G LOCAL - D2
RODO/COURIER;LOCAL - D2;094-JANDAIA DO SUL;SEGUNDA-FEIRA;0;segunda-feira;SEMANAL;094-JANDAIA DO SUL LOCAL - D2
RODO/COURIER;LOCAL - D2;094-JANDAIA DO SUL;QUARTA-FEIRA;0;quarta-feira;SEMANAL;094-JANDAIA DO SUL LOCAL - D2
RODO/COURIER;LOCAL - D2;094-JANDAIA DO SUL;SEXTA-FEIRA;0;sexta-feira;SEMANAL;094-JANDAIA DO SUL LOCAL - D2
RODO/COURIER;LOCAL - D2;094-MANDAGUARI;SEGUNDA-FEIRA;0;segunda-feira;SEMANAL;094-MANDAGUARI LOCAL - D2
RODO/COURIER;LOCAL - D2;094-MANDAGUARI;QUARTA-FEIRA;0;quarta-feira;SEMANAL;094-MANDAGUARI LOCAL - D2
RODO/COURIER;LOCAL - D2;094-MANDAGUARI;SEXTA-FEIRA;0;sexta-feira;SEMANAL;094-MANDAGUARI LOCAL - D2
RODO/COURIER;LOCAL - D2;094-NOVA ESPERANCA;SEGUNDA-FEIRA;0;segunda-feira;SEMANAL;094-NOVA ESPERANCA LOCAL - D2
RODO/COURIER;LOCAL - D2;094-NOVA ESPERANCA;QUARTA-FEIRA;0;quarta-feira;SEMANAL;094-NOVA ESPERANCA LOCAL - D2
RODO/COURIER;LOCAL - D2;094-NOVA ESPERANCA;SEXTA-FEIRA;0;sexta-feira;SEMANAL;094-NOVA ESPERANCA LOCAL - D2
RODO/COURIER;LOCAL - D2;094-SARANDI F;SEGUNDA-FEIRA;0;segunda-feira;SEMANAL;094-SARANDI F LOCAL - D2
RODO/COURIER;LOCAL - D2;094-SARANDI F;QUARTA-FEIRA;0;quarta-feira;SEMANAL;094-SARANDI F LOCAL - D2
RODO/COURIER;LOCAL - D2;094-SARANDI F;SEXTA-FEIRA;0;sexta-feira;SEMANAL;094-SARANDI F LOCAL - D2
RODO/COURIER;LOCAL - D2;094-UBIRATA;SEGUNDA-FEIRA;13;terça-feira;SEMANAL;094-UBIRATA LOCAL - D2
RODO/COURIER;LOCAL - D2;094-UBIRATA;TERÇA-FEIRA;13;quarta-feira;SEMANAL;094-UBIRATA LOCAL - D2
RODO/COURIER;LOCAL - D2;094-UBIRATA;QUARTA-FEIRA;13;quinta-feira;SEMANAL;094-UBIRATA LOCAL - D2
RODO/COURIER;LOCAL - D2;094-UBIRATA;QUINTA-FEIRA;13;sexta-feira;SEMANAL;094-UBIRATA LOCAL - D2
RODO/COURIER;LOCAL - D2;094-UBIRATA;SÁBADO;13;segunda-feira;SEMANAL;094-UBIRATA LOCAL - D2
RODO/COURIER;LOCAL - D2;095-CAMPO GRANDE A;SEGUNDA-FEIRA;11;terça-feira;SEMANAL;095-CAMPO GRANDE A LOCAL - D2
RODO/COURIER;LOCAL - D2;095-CAMPO GRANDE A;TERÇA-FEIRA;11;quarta-feira;SEMANAL;095-CAMPO GRANDE A LOCAL - D2
RODO/COURIER;LOCAL - D2;095-CAMPO GRANDE A;QUARTA-FEIRA;11;quinta-feira;SEMANAL;095-CAMPO GRANDE A LOCAL - D2
RODO/COURIER;LOCAL - D2;095-CAMPO GRANDE A;QUINTA-FEIRA;11;sexta-feira;SEMANAL;095-CAMPO GRANDE A LOCAL - D2
RODO/COURIER;LOCAL - D2;095-CAMPO GRANDE A;SEXTA-FEIRA;11;sábado;SEMANAL;095-CAMPO GRANDE A LOCAL - D2
RODO/COURIER;LOCAL - D2;095-CAMPO GRANDE A;SÁBADO;11;segunda-feira;SEMANAL;095-CAMPO GRANDE A LOCAL - D2
RODO/COURIER;LOCAL - D2;095-CAMPO GRANDE B;SEGUNDA-FEIRA;11;terça-feira;SEMANAL;095-CAMPO GRANDE B LOCAL - D2
RODO/COURIER;LOCAL - D2;095-CAMPO GRANDE B;TERÇA-FEIRA;11;quarta-feira;SEMANAL;095-CAMPO GRANDE B LOCAL - D2
RODO/COURIER;LOCAL - D2;095-CAMPO GRANDE B;QUARTA-FEIRA;11;quinta-feira;SEMANAL;095-CAMPO GRANDE B LOCAL - D2
RODO/COURIER;LOCAL - D2;095-CAMPO GRANDE B;QUINTA-FEIRA;11;sexta-feira;SEMANAL;095-CAMPO GRANDE B LOCAL - D2
RODO/COURIER;LOCAL - D2;095-CAMPO GRANDE B;SEXTA-FEIRA;11;sábado;SEMANAL;095-CAMPO GRANDE B LOCAL - D2
RODO/COURIER;LOCAL - D2;095-CAMPO GRANDE B;SÁBADO;11;segunda-feira;SEMANAL;095-CAMPO GRANDE B LOCAL - D2
RODO/COURIER;LOCAL - D2;095-CAMPO GRANDE C;SEGUNDA-FEIRA;11;terça-feira;SEMANAL;095-CAMPO GRANDE C LOCAL - D2
RODO/COURIER;LOCAL - D2;095-CAMPO GRANDE C;TERÇA-FEIRA;11;quarta-feira;SEMANAL;095-CAMPO GRANDE C LOCAL - D2
RODO/COURIER;LOCAL - D2;095-CAMPO GRANDE C;QUARTA-FEIRA;11;quinta-feira;SEMANAL;095-CAMPO GRANDE C LOCAL - D2
RODO/COURIER;LOCAL - D2;095-CAMPO GRANDE C;QUINTA-FEIRA;11;sexta-feira;SEMANAL;095-CAMPO GRANDE C LOCAL - D2
RODO/COURIER;LOCAL - D2;095-CAMPO GRANDE C;SEXTA-FEIRA;11;sábado;SEMANAL;095-CAMPO GRANDE C LOCAL - D2
RODO/COURIER;LOCAL - D2;095-CAMPO GRANDE C;SÁBADO;11;segunda-feira;SEMANAL;095-CAMPO GRANDE C LOCAL - D2
RODO/COURIER;LOCAL - D2;095-CAMPO GRANDE D;SEGUNDA-FEIRA;11;terça-feira;SEMANAL;095-CAMPO GRANDE D LOCAL - D2
RODO/COURIER;LOCAL - D2;095-CAMPO GRANDE D;TERÇA-FEIRA;11;quarta-feira;SEMANAL;095-CAMPO GRANDE D LOCAL - D2
RODO/COURIER;LOCAL - D2;095-CAMPO GRANDE D;QUARTA-FEIRA;11;quinta-feira;SEMANAL;095-CAMPO GRANDE D LOCAL - D2
RODO/COURIER;LOCAL - D2;095-CAMPO GRANDE D;QUINTA-FEIRA;11;sexta-feira;SEMANAL;095-CAMPO GRANDE D LOCAL - D2
RODO/COURIER;LOCAL - D2;095-CAMPO GRANDE D;SEXTA-FEIRA;11;sábado;SEMANAL;095-CAMPO GRANDE D LOCAL - D2
RODO/COURIER;LOCAL - D2;095-CAMPO GRANDE D;SÁBADO;11;segunda-feira;SEMANAL;095-CAMPO GRANDE D LOCAL - D2
RODO/COURIER;LOCAL - D2;095-CAMPO GRANDE E;SEGUNDA-FEIRA;11;terça-feira;SEMANAL;095-CAMPO GRANDE E LOCAL - D2
RODO/COURIER;LOCAL - D2;095-CAMPO GRANDE E;TERÇA-FEIRA;11;quarta-feira;SEMANAL;095-CAMPO GRANDE E LOCAL - D2
RODO/COURIER;LOCAL - D2;095-CAMPO GRANDE E;QUARTA-FEIRA;11;quinta-feira;SEMANAL;095-CAMPO GRANDE E LOCAL - D2
RODO/COURIER;LOCAL - D2;095-CAMPO GRANDE E;QUINTA-FEIRA;11;sexta-feira;SEMANAL;095-CAMPO GRANDE E LOCAL - D2
RODO/COURIER;LOCAL - D2;095-CAMPO GRANDE E;SEXTA-FEIRA;11;sábado;SEMANAL;095-CAMPO GRANDE E LOCAL - D2
RODO/COURIER;LOCAL - D2;095-CAMPO GRANDE E;SÁBADO;11;segunda-feira;SEMANAL;095-CAMPO GRANDE E LOCAL - D2
RODO/COURIER;LOCAL - D2;095-CAMPO GRANDE F;SEGUNDA-FEIRA;11;terça-feira;SEMANAL;095-CAMPO GRANDE F LOCAL - D2
RODO/COURIER;LOCAL - D2;095-CAMPO GRANDE F;TERÇA-FEIRA;11;quarta-feira;SEMANAL;095-CAMPO GRANDE F LOCAL - D2
RODO/COURIER;LOCAL - D2;095-CAMPO GRANDE F;QUARTA-FEIRA;11;quinta-feira;SEMANAL;095-CAMPO GRANDE F LOCAL - D2
RODO/COURIER;LOCAL - D2;095-CAMPO GRANDE F;QUINTA-FEIRA;11;sexta-feira;SEMANAL;095-CAMPO GRANDE F LOCAL - D2
RODO/COURIER;LOCAL - D2;095-CAMPO GRANDE F;SEXTA-FEIRA;11;sábado;SEMANAL;095-CAMPO GRANDE F LOCAL - D2
RODO/COURIER;LOCAL - D2;095-CAMPO GRANDE F;SÁBADO;11;segunda-feira;SEMANAL;095-CAMPO GRANDE F LOCAL - D2
RODO/COURIER;LOCAL - D2;095-CAMPO GRANDE G;SEGUNDA-FEIRA;11;terça-feira;SEMANAL;095-CAMPO GRANDE G LOCAL - D2
RODO/COURIER;LOCAL - D2;095-CAMPO GRANDE G;TERÇA-FEIRA;11;quarta-feira;SEMANAL;095-CAMPO GRANDE G LOCAL - D2
RODO/COURIER;LOCAL - D2;095-CAMPO GRANDE G;QUARTA-FEIRA;11;quinta-feira;SEMANAL;095-CAMPO GRANDE G LOCAL - D2
RODO/COURIER;LOCAL - D2;095-CAMPO GRANDE G;QUINTA-FEIRA;11;sexta-feira;SEMANAL;095-CAMPO GRANDE G LOCAL - D2
RODO/COURIER;LOCAL - D2;095-CAMPO GRANDE G;SEXTA-FEIRA;11;sábado;SEMANAL;095-CAMPO GRANDE G LOCAL - D2
RODO/COURIER;LOCAL - D2;095-CAMPO GRANDE G;SÁBADO;11;segunda-feira;SEMANAL;095-CAMPO GRANDE G LOCAL - D2
RODO/COURIER;LOCAL - D2;095-CAMPO GRANDE H;SEGUNDA-FEIRA;11;terça-feira;SEMANAL;095-CAMPO GRANDE H LOCAL - D2
RODO/COURIER;LOCAL - D2;095-CAMPO GRANDE H;TERÇA-FEIRA;11;quarta-feira;SEMANAL;095-CAMPO GRANDE H LOCAL - D2
RODO/COURIER;LOCAL - D2;095-CAMPO GRANDE H;QUARTA-FEIRA;11;quinta-feira;SEMANAL;095-CAMPO GRANDE H LOCAL - D2
RODO/COURIER;LOCAL - D2;095-CAMPO GRANDE H;QUINTA-FEIRA;11;sexta-feira;SEMANAL;095-CAMPO GRANDE H LOCAL - D2
RODO/COURIER;LOCAL - D2;095-CAMPO GRANDE H;SEXTA-FEIRA;11;sábado;SEMANAL;095-CAMPO GRANDE H LOCAL - D2
RODO/COURIER;LOCAL - D2;095-CAMPO GRANDE H;SÁBADO;11;segunda-feira;SEMANAL;095-CAMPO GRANDE H LOCAL - D2
RODO/COURIER;LOCAL - D3;094-APUCARANA A;SEGUNDA-FEIRA;0;segunda-feira;SEMANAL;094-APUCARANA A LOCAL - D3
RODO/COURIER;LOCAL - D3;094-APUCARANA A;QUINTA-FEIRA;0;quinta-feira;SEMANAL;094-APUCARANA A LOCAL - D3
RODO/COURIER;LOCAL - D3;094-APUCARANA A;SÁBADO;0;sábado;SEMANAL;094-APUCARANA A LOCAL - D3
RODO/COURIER;LOCAL - D3;094-APUCARANA B;SEGUNDA-FEIRA;0;segunda-feira;SEMANAL;094-APUCARANA B LOCAL - D3
RODO/COURIER;LOCAL - D3;094-APUCARANA B;QUINTA-FEIRA;0;quinta-feira;SEMANAL;094-APUCARANA B LOCAL - D3
RODO/COURIER;LOCAL - D3;094-APUCARANA B;SÁBADO;0;sábado;SEMANAL;094-APUCARANA B LOCAL - D3
RODO/COURIER;LOCAL - D3;094-APUCARANA C;SEGUNDA-FEIRA;0;segunda-feira;SEMANAL;094-APUCARANA C LOCAL - D3
RODO/COURIER;LOCAL - D3;094-APUCARANA C;QUINTA-FEIRA;0;quinta-feira;SEMANAL;094-APUCARANA C LOCAL - D3
RODO/COURIER;LOCAL - D3;094-APUCARANA C;SÁBADO;0;sábado;SEMANAL;094-APUCARANA C LOCAL - D3
RODO/COURIER;LOCAL - D3;094-APUCARANA D;SEGUNDA-FEIRA;0;segunda-feira;SEMANAL;094-APUCARANA D LOCAL - D3
RODO/COURIER;LOCAL - D3;094-APUCARANA D;QUINTA-FEIRA;0;quinta-feira;SEMANAL;094-APUCARANA D LOCAL - D3
RODO/COURIER;LOCAL - D3;094-APUCARANA D;SÁBADO;0;sábado;SEMANAL;094-APUCARANA D LOCAL - D3
RODO/COURIER;LOCAL - D3;094-APUCARANA E;SEGUNDA-FEIRA;0;segunda-feira;SEMANAL;094-APUCARANA E LOCAL - D3
RODO/COURIER;LOCAL - D3;094-APUCARANA E;QUINTA-FEIRA;0;quinta-feira;SEMANAL;094-APUCARANA E LOCAL - D3
RODO/COURIER;LOCAL - D3;094-APUCARANA E;SÁBADO;0;sábado;SEMANAL;094-APUCARANA E LOCAL - D3
RODO/COURIER;LOCAL - D3;094-APUCARANA F;SEGUNDA-FEIRA;0;segunda-feira;SEMANAL;094-APUCARANA F LOCAL - D3
RODO/COURIER;LOCAL - D3;094-APUCARANA F;QUINTA-FEIRA;0;quinta-feira;SEMANAL;094-APUCARANA F LOCAL - D3
RODO/COURIER;LOCAL - D3;094-APUCARANA F;SÁBADO;0;sábado;SEMANAL;094-APUCARANA F LOCAL - D3
RODO/COURIER;LOCAL - D3;094-APUCARANA G;SEGUNDA-FEIRA;0;segunda-feira;SEMANAL;094-APUCARANA G LOCAL - D3
RODO/COURIER;LOCAL - D3;094-APUCARANA G;QUINTA-FEIRA;0;quinta-feira;SEMANAL;094-APUCARANA G LOCAL - D3
RODO/COURIER;LOCAL - D3;094-APUCARANA G;SÁBADO;0;sábado;SEMANAL;094-APUCARANA G LOCAL - D3
RODO/COURIER;LOCAL - D3;094-APUCARANA H;SEGUNDA-FEIRA;0;segunda-feira;SEMANAL;094-APUCARANA H LOCAL - D3
RODO/COURIER;LOCAL - D3;094-APUCARANA H;QUINTA-FEIRA;0;quinta-feira;SEMANAL;094-APUCARANA H LOCAL - D3
RODO/COURIER;LOCAL - D3;094-APUCARANA H;SÁBADO;0;sábado;SEMANAL;094-APUCARANA H LOCAL - D3
RODO/COURIER;LOCAL - D3;094-APUCARANA I;SEGUNDA-FEIRA;0;segunda-feira;SEMANAL;094-APUCARANA I LOCAL - D3
RODO/COURIER;LOCAL - D3;094-APUCARANA I;QUINTA-FEIRA;0;quinta-feira;SEMANAL;094-APUCARANA I LOCAL - D3
RODO/COURIER;LOCAL - D3;094-APUCARANA I;SÁBADO;0;sábado;SEMANAL;094-APUCARANA I LOCAL - D3
RODO/COURIER;LOCAL - D3;094-APUCARANA J;SEGUNDA-FEIRA;0;segunda-feira;SEMANAL;094-APUCARANA J LOCAL - D3
RODO/COURIER;LOCAL - D3;094-APUCARANA J;QUINTA-FEIRA;0;quinta-feira;SEMANAL;094-APUCARANA J LOCAL - D3
RODO/COURIER;LOCAL - D3;094-APUCARANA J;SÁBADO;0;sábado;SEMANAL;094-APUCARANA J LOCAL - D3
RODO/COURIER;LOCAL - D3;094-APUCARANA K;SEGUNDA-FEIRA;0;segunda-feira;SEMANAL;094-APUCARANA K LOCAL - D3
RODO/COURIER;LOCAL - D3;094-APUCARANA K;QUINTA-FEIRA;0;quinta-feira;SEMANAL;094-APUCARANA K LOCAL - D3
RODO/COURIER;LOCAL - D3;094-APUCARANA K;SÁBADO;0;sábado;SEMANAL;094-APUCARANA K LOCAL - D3
RODO/COURIER;LOCAL - D3;094-APUCARANA L;SEGUNDA-FEIRA;0;segunda-feira;SEMANAL;094-APUCARANA L LOCAL - D3
RODO/COURIER;LOCAL - D3;094-APUCARANA L;QUINTA-FEIRA;0;quinta-feira;SEMANAL;094-APUCARANA L LOCAL - D3
RODO/COURIER;LOCAL - D3;094-APUCARANA L;SÁBADO;0;sábado;SEMANAL;094-APUCARANA L LOCAL - D3
RODO/COURIER;LOCAL - D3;094-APUCARANA M;SEGUNDA-FEIRA;0;segunda-feira;SEMANAL;094-APUCARANA M LOCAL - D3
RODO/COURIER;LOCAL - D3;094-APUCARANA M;QUINTA-FEIRA;0;quinta-feira;SEMANAL;094-APUCARANA M LOCAL - D3
RODO/COURIER;LOCAL - D3;094-APUCARANA M;SÁBADO;0;sábado;SEMANAL;094-APUCARANA M LOCAL - D3
RODO/COURIER;LOCAL - D3;094-APUCARANA N;SEGUNDA-FEIRA;0;segunda-feira;SEMANAL;094-APUCARANA N LOCAL - D3
RODO/COURIER;LOCAL - D3;094-APUCARANA N;QUINTA-FEIRA;0;quinta-feira;SEMANAL;094-APUCARANA N LOCAL - D3
RODO/COURIER;LOCAL - D3;094-APUCARANA N;SÁBADO;0;sábado;SEMANAL;094-APUCARANA N LOCAL - D3
RODO/COURIER;LOCAL - D3;094-APUCARANA O;SEGUNDA-FEIRA;0;segunda-feira;SEMANAL;094-APUCARANA O LOCAL - D3
RODO/COURIER;LOCAL - D3;094-APUCARANA O;QUINTA-FEIRA;0;quinta-feira;SEMANAL;094-APUCARANA O LOCAL - D3
RODO/COURIER;LOCAL - D3;094-APUCARANA O;SÁBADO;0;sábado;SEMANAL;094-APUCARANA O LOCAL - D3
RODO/COURIER;LOCAL - D3;094-ARACATUBA A;SEGUNDA-FEIRA;13;terça-feira;SEMANAL;094-ARACATUBA A LOCAL - D3
RODO/COURIER;LOCAL - D3;094-ARACATUBA A;QUARTA-FEIRA;13;quinta-feira;SEMANAL;094-ARACATUBA A LOCAL - D3
RODO/COURIER;LOCAL - D3;094-ARACATUBA A;SEXTA-FEIRA;13;sábado;SEMANAL;094-ARACATUBA A LOCAL - D3
RODO/COURIER;LOCAL - D3;094-ARACATUBA B;SEGUNDA-FEIRA;13;terça-feira;SEMANAL;094-ARACATUBA B LOCAL - D3
RODO/COURIER;LOCAL - D3;094-ARACATUBA B;QUARTA-FEIRA;13;quinta-feira;SEMANAL;094-ARACATUBA B LOCAL - D3
RODO/COURIER;LOCAL - D3;094-ARACATUBA B;SEXTA-FEIRA;13;sábado;SEMANAL;094-ARACATUBA B LOCAL - D3
RODO/COURIER;LOCAL - D3;094-ARACATUBA C;SEGUNDA-FEIRA;13;terça-feira;SEMANAL;094-ARACATUBA C LOCAL - D3
RODO/COURIER;LOCAL - D3;094-ARACATUBA C;QUARTA-FEIRA;13;quinta-feira;SEMANAL;094-ARACATUBA C LOCAL - D3
RODO/COURIER;LOCAL - D3;094-ARACATUBA C;SEXTA-FEIRA;13;sábado;SEMANAL;094-ARACATUBA C LOCAL - D3
RODO/COURIER;LOCAL - D3;094-ARACATUBA D;SEGUNDA-FEIRA;13;terça-feira;SEMANAL;094-ARACATUBA D LOCAL - D3
RODO/COURIER;LOCAL - D3;094-ARACATUBA D;QUARTA-FEIRA;13;quinta-feira;SEMANAL;094-ARACATUBA D LOCAL - D3
RODO/COURIER;LOCAL - D3;094-ARACATUBA D;SEXTA-FEIRA;13;sábado;SEMANAL;094-ARACATUBA D LOCAL - D3
RODO/COURIER;LOCAL - D3;094-ARACATUBA E;SEGUNDA-FEIRA;13;terça-feira;SEMANAL;094-ARACATUBA E LOCAL - D3
RODO/COURIER;LOCAL - D3;094-ARACATUBA E;QUARTA-FEIRA;13;quinta-feira;SEMANAL;094-ARACATUBA E LOCAL - D3
RODO/COURIER;LOCAL - D3;094-ARACATUBA E;SEXTA-FEIRA;13;sábado;SEMANAL;094-ARACATUBA E LOCAL - D3
RODO/COURIER;LOCAL - D3;094-ARACATUBA F;SEGUNDA-FEIRA;13;terça-feira;SEMANAL;094-ARACATUBA F LOCAL - D3
RODO/COURIER;LOCAL - D3;094-ARACATUBA F;QUARTA-FEIRA;13;quinta-feira;SEMANAL;094-ARACATUBA F LOCAL - D3
RODO/COURIER;LOCAL - D3;094-ARACATUBA F;SEXTA-FEIRA;13;sábado;SEMANAL;094-ARACATUBA F LOCAL - D3
RODO/COURIER;LOCAL - D3;094-ARACATUBA G;SEGUNDA-FEIRA;13;terça-feira;SEMANAL;094-ARACATUBA G LOCAL - D3
RODO/COURIER;LOCAL - D3;094-ARACATUBA G;QUARTA-FEIRA;13;quinta-feira;SEMANAL;094-ARACATUBA G LOCAL - D3
RODO/COURIER;LOCAL - D3;094-ARACATUBA G;SEXTA-FEIRA;13;sábado;SEMANAL;094-ARACATUBA G LOCAL - D3
RODO/COURIER;LOCAL - D3;094-ARACATUBA H;SEGUNDA-FEIRA;13;terça-feira;SEMANAL;094-ARACATUBA H LOCAL - D3
RODO/COURIER;LOCAL - D3;094-ARACATUBA H;QUARTA-FEIRA;13;quinta-feira;SEMANAL;094-ARACATUBA H LOCAL - D3
RODO/COURIER;LOCAL - D3;094-ARACATUBA H;SEXTA-FEIRA;13;sábado;SEMANAL;094-ARACATUBA H LOCAL - D3
RODO/COURIER;LOCAL - D3;094-ARACATUBA I;SEGUNDA-FEIRA;13;terça-feira;SEMANAL;094-ARACATUBA I LOCAL - D3
RODO/COURIER;LOCAL - D3;094-ARACATUBA I;QUARTA-FEIRA;13;quinta-feira;SEMANAL;094-ARACATUBA I LOCAL - D3
RODO/COURIER;LOCAL - D3;094-ARACATUBA I;SEXTA-FEIRA;13;sábado;SEMANAL;094-ARACATUBA I LOCAL - D3
RODO/COURIER;LOCAL - D3;094-ARACATUBA J;SEGUNDA-FEIRA;13;terça-feira;SEMANAL;094-ARACATUBA J LOCAL - D3
RODO/COURIER;LOCAL - D3;094-ARACATUBA J;QUARTA-FEIRA;13;quinta-feira;SEMANAL;094-ARACATUBA J LOCAL - D3
RODO/COURIER;LOCAL - D3;094-ARACATUBA J;SEXTA-FEIRA;13;sábado;SEMANAL;094-ARACATUBA J LOCAL - D3
RODO/COURIER;LOCAL - D3;094-ARACATUBA K;SEGUNDA-FEIRA;13;terça-feira;SEMANAL;094-ARACATUBA K LOCAL - D3
RODO/COURIER;LOCAL - D3;094-ARACATUBA K;QUARTA-FEIRA;13;quinta-feira;SEMANAL;094-ARACATUBA K LOCAL - D3
RODO/COURIER;LOCAL - D3;094-ARACATUBA K;SEXTA-FEIRA;13;sábado;SEMANAL;094-ARACATUBA K LOCAL - D3
RODO/COURIER;LOCAL - D3;094-ARACATUBA L;SEGUNDA-FEIRA;13;terça-feira;SEMANAL;094-ARACATUBA L LOCAL - D3
RODO/COURIER;LOCAL - D3;094-ARACATUBA L;QUARTA-FEIRA;13;quinta-feira;SEMANAL;094-ARACATUBA L LOCAL - D3
RODO/COURIER;LOCAL - D3;094-ARACATUBA L;SEXTA-FEIRA;13;sábado;SEMANAL;094-ARACATUBA L LOCAL - D3
RODO/COURIER;LOCAL - D3;094-ASSIS A;TERÇA-FEIRA;18;quarta-feira;SEMANAL;094-ASSIS A LOCAL - D3
RODO/COURIER;LOCAL - D3;094-ASSIS A;QUINTA-FEIRA;18;sexta-feira;SEMANAL;094-ASSIS A LOCAL - D3
RODO/COURIER;LOCAL - D3;094-ASSIS A;SÁBADO;16;segunda-feira;SEMANAL;094-ASSIS A LOCAL - D3
RODO/COURIER;LOCAL - D3;094-ASSIS B;TERÇA-FEIRA;18;quarta-feira;SEMANAL;094-ASSIS B LOCAL - D3
RODO/COURIER;LOCAL - D3;094-ASSIS B;QUINTA-FEIRA;18;sexta-feira;SEMANAL;094-ASSIS B LOCAL - D3
RODO/COURIER;LOCAL - D3;094-ASSIS B;SÁBADO;16;segunda-feira;SEMANAL;094-ASSIS B LOCAL - D3
RODO/COURIER;LOCAL - D3;094-ASSIS C;TERÇA-FEIRA;18;quarta-feira;SEMANAL;094-ASSIS C LOCAL - D3
RODO/COURIER;LOCAL - D3;094-ASSIS C;QUINTA-FEIRA;18;sexta-feira;SEMANAL;094-ASSIS C LOCAL - D3
RODO/COURIER;LOCAL - D3;094-ASSIS C;SÁBADO;16;segunda-feira;SEMANAL;094-ASSIS C LOCAL - D3
RODO/COURIER;LOCAL - D3;094-ASSIS D;TERÇA-FEIRA;18;quarta-feira;SEMANAL;094-ASSIS D LOCAL - D3
RODO/COURIER;LOCAL - D3;094-ASSIS D;QUINTA-FEIRA;18;sexta-feira;SEMANAL;094-ASSIS D LOCAL - D3
RODO/COURIER;LOCAL - D3;094-ASSIS D;SÁBADO;16;segunda-feira;SEMANAL;094-ASSIS D LOCAL - D3
RODO/COURIER;LOCAL - D3;094-ASSIS E;TERÇA-FEIRA;18;quarta-feira;SEMANAL;094-ASSIS E LOCAL - D3
RODO/COURIER;LOCAL - D3;094-ASSIS E;QUINTA-FEIRA;18;sexta-feira;SEMANAL;094-ASSIS E LOCAL - D3
RODO/COURIER;LOCAL - D3;094-ASSIS E;SÁBADO;16;segunda-feira;SEMANAL;094-ASSIS E LOCAL - D3
RODO/COURIER;LOCAL - D3;094-ASSIS F;TERÇA-FEIRA;18;quarta-feira;SEMANAL;094-ASSIS F LOCAL - D3
RODO/COURIER;LOCAL - D3;094-ASSIS F;QUINTA-FEIRA;18;sexta-feira;SEMANAL;094-ASSIS F LOCAL - D3
RODO/COURIER;LOCAL - D3;094-ASSIS F;SÁBADO;16;segunda-feira;SEMANAL;094-ASSIS F LOCAL - D3
RODO/COURIER;LOCAL - D3;094-ASSIS G;TERÇA-FEIRA;18;quarta-feira;SEMANAL;094-ASSIS G LOCAL - D3
RODO/COURIER;LOCAL - D3;094-ASSIS G;QUINTA-FEIRA;18;sexta-feira;SEMANAL;094-ASSIS G LOCAL - D3
RODO/COURIER;LOCAL - D3;094-ASSIS G;SÁBADO;16;segunda-feira;SEMANAL;094-ASSIS G LOCAL - D3
RODO/COURIER;LOCAL - D3;094-ASSIS H;TERÇA-FEIRA;18;quarta-feira;SEMANAL;094-ASSIS H LOCAL - D3
RODO/COURIER;LOCAL - D3;094-ASSIS H;QUINTA-FEIRA;18;sexta-feira;SEMANAL;094-ASSIS H LOCAL - D3
RODO/COURIER;LOCAL - D3;094-ASSIS H;SÁBADO;16;segunda-feira;SEMANAL;094-ASSIS H LOCAL - D3
RODO/COURIER;LOCAL - D3;094-ASSIS I;TERÇA-FEIRA;18;quarta-feira;SEMANAL;094-ASSIS I LOCAL - D3
RODO/COURIER;LOCAL - D3;094-ASSIS I;QUINTA-FEIRA;18;sexta-feira;SEMANAL;094-ASSIS I LOCAL - D3
RODO/COURIER;LOCAL - D3;094-ASSIS I;SÁBADO;16;segunda-feira;SEMANAL;094-ASSIS I LOCAL - D3
RODO/COURIER;LOCAL - D3;094-ASSIS J;TERÇA-FEIRA;18;quarta-feira;SEMANAL;094-ASSIS J LOCAL - D3
RODO/COURIER;LOCAL - D3;094-ASSIS J;QUINTA-FEIRA;18;sexta-feira;SEMANAL;094-ASSIS J LOCAL - D3
RODO/COURIER;LOCAL - D3;094-ASSIS J;SÁBADO;16;segunda-feira;SEMANAL;094-ASSIS J LOCAL - D3
RODO/COURIER;LOCAL - D3;094-ASSIS K;TERÇA-FEIRA;18;quarta-feira;SEMANAL;094-ASSIS K LOCAL - D3
RODO/COURIER;LOCAL - D3;094-ASSIS K;QUINTA-FEIRA;18;sexta-feira;SEMANAL;094-ASSIS K LOCAL - D3
RODO/COURIER;LOCAL - D3;094-ASSIS K;SÁBADO;16;segunda-feira;SEMANAL;094-ASSIS K LOCAL - D3
RODO/COURIER;LOCAL - D3;094-ASSIS L;TERÇA-FEIRA;18;quarta-feira;SEMANAL;094-ASSIS L LOCAL - D3
RODO/COURIER;LOCAL - D3;094-ASSIS L;QUINTA-FEIRA;18;sexta-feira;SEMANAL;094-ASSIS L LOCAL - D3
RODO/COURIER;LOCAL - D3;094-ASSIS L;SÁBADO;16;segunda-feira;SEMANAL;094-ASSIS L LOCAL - D3
RODO/COURIER;LOCAL - D3;094-ASTORGA;SEGUNDA-FEIRA;0;segunda-feira;SEMANAL;094-ASTORGA LOCAL - D3
RODO/COURIER;LOCAL - D3;094-ASTORGA;QUINTA-FEIRA;0;quinta-feira;SEMANAL;094-ASTORGA LOCAL - D3
RODO/COURIER;LOCAL - D3;094-CAMBARA;SEGUNDA-FEIRA;20;terça-feira;SEMANAL;094-CAMBARA LOCAL - D3
RODO/COURIER;LOCAL - D3;094-CAMBARA;QUARTA-FEIRA;20;quinta-feira;SEMANAL;094-CAMBARA LOCAL - D3
RODO/COURIER;LOCAL - D3;094-CAMBARA;SEXTA-FEIRA;20;sábado;SEMANAL;094-CAMBARA LOCAL - D3
RODO/COURIER;LOCAL - D3;094-CAMPO MOURAO A;SEGUNDA-FEIRA;17;terça-feira;SEMANAL;094-CAMPO MOURAO A LOCAL - D3
RODO/COURIER;LOCAL - D3;094-CAMPO MOURAO A;QUARTA-FEIRA;17;quinta-feira;SEMANAL;094-CAMPO MOURAO A LOCAL - D3
RODO/COURIER;LOCAL - D3;094-CAMPO MOURAO A;SEXTA-FEIRA;17;sábado;SEMANAL;094-CAMPO MOURAO A LOCAL - D3
RODO/COURIER;LOCAL - D3;094-CAMPO MOURAO B;SEGUNDA-FEIRA;17;terça-feira;SEMANAL;094-CAMPO MOURAO B LOCAL - D3
RODO/COURIER;LOCAL - D3;094-CAMPO MOURAO B;QUARTA-FEIRA;17;quinta-feira;SEMANAL;094-CAMPO MOURAO B LOCAL - D3
RODO/COURIER;LOCAL - D3;094-CAMPO MOURAO B;SEXTA-FEIRA;17;sábado;SEMANAL;094-CAMPO MOURAO B LOCAL - D3
RODO/COURIER;LOCAL - D3;094-CAMPO MOURAO C;SEGUNDA-FEIRA;17;terça-feira;SEMANAL;094-CAMPO MOURAO C LOCAL - D3
RODO/COURIER;LOCAL - D3;094-CAMPO MOURAO C;QUARTA-FEIRA;17;quinta-feira;SEMANAL;094-CAMPO MOURAO C LOCAL - D3
RODO/COURIER;LOCAL - D3;094-CAMPO MOURAO C;SEXTA-FEIRA;17;sábado;SEMANAL;094-CAMPO MOURAO C LOCAL - D3
RODO/COURIER;LOCAL - D3;094-CAMPO MOURAO D;SEGUNDA-FEIRA;17;terça-feira;SEMANAL;094-CAMPO MOURAO D LOCAL - D3
RODO/COURIER;LOCAL - D3;094-CAMPO MOURAO D;QUARTA-FEIRA;17;quinta-feira;SEMANAL;094-CAMPO MOURAO D LOCAL - D3
RODO/COURIER;LOCAL - D3;094-CAMPO MOURAO D;SEXTA-FEIRA;17;sábado;SEMANAL;094-CAMPO MOURAO D LOCAL - D3
RODO/COURIER;LOCAL - D3;094-CAMPO MOURAO E;SEGUNDA-FEIRA;17;terça-feira;SEMANAL;094-CAMPO MOURAO E LOCAL - D3
RODO/COURIER;LOCAL - D3;094-CAMPO MOURAO E;QUARTA-FEIRA;17;quinta-feira;SEMANAL;094-CAMPO MOURAO E LOCAL - D3
RODO/COURIER;LOCAL - D3;094-CAMPO MOURAO E;SEXTA-FEIRA;17;sábado;SEMANAL;094-CAMPO MOURAO E LOCAL - D3
RODO/COURIER;LOCAL - D3;094-CAMPO MOURAO F;SEGUNDA-FEIRA;17;terça-feira;SEMANAL;094-CAMPO MOURAO F LOCAL - D3
RODO/COURIER;LOCAL - D3;094-CAMPO MOURAO F;QUARTA-FEIRA;17;quinta-feira;SEMANAL;094-CAMPO MOURAO F LOCAL - D3
RODO/COURIER;LOCAL - D3;094-CAMPO MOURAO F;SEXTA-FEIRA;17;sábado;SEMANAL;094-CAMPO MOURAO F LOCAL - D3
RODO/COURIER;LOCAL - D3;094-CAMPO MOURAO G;SEGUNDA-FEIRA;17;terça-feira;SEMANAL;094-CAMPO MOURAO G LOCAL - D3
RODO/COURIER;LOCAL - D3;094-CAMPO MOURAO G;QUARTA-FEIRA;17;quinta-feira;SEMANAL;094-CAMPO MOURAO G LOCAL - D3
RODO/COURIER;LOCAL - D3;094-CAMPO MOURAO G;SEXTA-FEIRA;17;sábado;SEMANAL;094-CAMPO MOURAO G LOCAL - D3
RODO/COURIER;LOCAL - D3;094-CAMPO MOURAO H;SEGUNDA-FEIRA;17;terça-feira;SEMANAL;094-CAMPO MOURAO H LOCAL - D3
RODO/COURIER;LOCAL - D3;094-CAMPO MOURAO H;QUARTA-FEIRA;17;quinta-feira;SEMANAL;094-CAMPO MOURAO H LOCAL - D3
RODO/COURIER;LOCAL - D3;094-CAMPO MOURAO H;SEXTA-FEIRA;17;sábado;SEMANAL;094-CAMPO MOURAO H LOCAL - D3
RODO/COURIER;LOCAL - D3;094-CIANORTE A;SEGUNDA-FEIRA;20;terça-feira;SEMANAL;094-CIANORTE A LOCAL - D3
RODO/COURIER;LOCAL - D3;094-CIANORTE A;QUARTA-FEIRA;20;quinta-feira;SEMANAL;094-CIANORTE A LOCAL - D3
RODO/COURIER;LOCAL - D3;094-CIANORTE A;SÁBADO;16;segunda-feira;SEMANAL;094-CIANORTE A LOCAL - D3
RODO/COURIER;LOCAL - D3;094-CIANORTE B;SEGUNDA-FEIRA;20;terça-feira;SEMANAL;094-CIANORTE B LOCAL - D3
RODO/COURIER;LOCAL - D3;094-CIANORTE B;QUARTA-FEIRA;20;quinta-feira;SEMANAL;094-CIANORTE B LOCAL - D3
RODO/COURIER;LOCAL - D3;094-CIANORTE B;SÁBADO;16;segunda-feira;SEMANAL;094-CIANORTE B LOCAL - D3
RODO/COURIER;LOCAL - D3;094-CIANORTE C;SEGUNDA-FEIRA;20;terça-feira;SEMANAL;094-CIANORTE C LOCAL - D3
RODO/COURIER;LOCAL - D3;094-CIANORTE C;QUARTA-FEIRA;20;quinta-feira;SEMANAL;094-CIANORTE C LOCAL - D3
RODO/COURIER;LOCAL - D3;094-CIANORTE C;SÁBADO;16;segunda-feira;SEMANAL;094-CIANORTE C LOCAL - D3
RODO/COURIER;LOCAL - D3;094-CIANORTE D;SEGUNDA-FEIRA;20;terça-feira;SEMANAL;094-CIANORTE D LOCAL - D3
RODO/COURIER;LOCAL - D3;094-CIANORTE D;QUARTA-FEIRA;20;quinta-feira;SEMANAL;094-CIANORTE D LOCAL - D3
RODO/COURIER;LOCAL - D3;094-CIANORTE D;SÁBADO;16;segunda-feira;SEMANAL;094-CIANORTE D LOCAL - D3
RODO/COURIER;LOCAL - D3;094-CIANORTE E;SEGUNDA-FEIRA;20;terça-feira;SEMANAL;094-CIANORTE E LOCAL - D3
RODO/COURIER;LOCAL - D3;094-CIANORTE E;QUARTA-FEIRA;20;quinta-feira;SEMANAL;094-CIANORTE E LOCAL - D3
RODO/COURIER;LOCAL - D3;094-CIANORTE E;SÁBADO;16;segunda-feira;SEMANAL;094-CIANORTE E LOCAL - D3
RODO/COURIER;LOCAL - D3;094-CIANORTE F;SEGUNDA-FEIRA;20;terça-feira;SEMANAL;094-CIANORTE F LOCAL - D3
RODO/COURIER;LOCAL - D3;094-CIANORTE F;QUARTA-FEIRA;20;quinta-feira;SEMANAL;094-CIANORTE F LOCAL - D3
RODO/COURIER;LOCAL - D3;094-CIANORTE F;SÁBADO;16;segunda-feira;SEMANAL;094-CIANORTE F LOCAL - D3
RODO/COURIER;LOCAL - D3;094-COLORADO;SEGUNDA-FEIRA;0;segunda-feira;SEMANAL;094-COLORADO LOCAL - D3
RODO/COURIER;LOCAL - D3;094-COLORADO;QUINTA-FEIRA;0;quinta-feira;SEMANAL;094-COLORADO LOCAL - D3
RODO/COURIER;LOCAL - D3;094-CORNELIO PROCOPIO;SEGUNDA-FEIRA;0;segunda-feira;SEMANAL;094-CORNELIO PROCOPIO LOCAL - D3
RODO/COURIER;LOCAL - D3;094-CORNELIO PROCOPIO;TERÇA-FEIRA;0;terça-feira;SEMANAL;094-CORNELIO PROCOPIO LOCAL - D3
RODO/COURIER;LOCAL - D3;094-CORNELIO PROCOPIO;SEXTA-FEIRA;0;sexta-feira;SEMANAL;094-CORNELIO PROCOPIO LOCAL - D3
RODO/COURIER;LOCAL - D3;094-DRACENA;TERÇA-FEIRA;17;quarta-feira;SEMANAL;094-DRACENA LOCAL - D3
RODO/COURIER;LOCAL - D3;094-DRACENA;QUINTA-FEIRA;17;sexta-feira;SEMANAL;094-DRACENA LOCAL - D3
RODO/COURIER;LOCAL - D3;094-DRACENA;SÁBADO;13;segunda-feira;SEMANAL;094-DRACENA LOCAL - D3
RODO/COURIER;LOCAL - D3;094-ITAPEVA;SEGUNDA-FEIRA;15;terça-feira;SEMANAL;094-ITAPEVA LOCAL - D3
RODO/COURIER;LOCAL - D3;094-ITAPEVA;QUARTA-FEIRA;15;quinta-feira;SEMANAL;094-ITAPEVA LOCAL - D3
RODO/COURIER;LOCAL - D3;094-ITAPEVA;SEXTA-FEIRA;15;sábado;SEMANAL;094-ITAPEVA LOCAL - D3
RODO/COURIER;LOCAL - D3;094-ITARARE;SEGUNDA-FEIRA;15;terça-feira;SEMANAL;094-ITARARE LOCAL - D3
RODO/COURIER;LOCAL - D3;094-ITARARE;QUARTA-FEIRA;15;quinta-feira;SEMANAL;094-ITARARE LOCAL - D3
RODO/COURIER;LOCAL - D3;094-ITARARE;SEXTA-FEIRA;15;sábado;SEMANAL;094-ITARARE LOCAL - D3
RODO/COURIER;LOCAL - D3;094-IVAIPORA;SEGUNDA-FEIRA;0;segunda-feira;SEMANAL;094-IVAIPORA LOCAL - D3
RODO/COURIER;LOCAL - D3;094-IVAIPORA;QUINTA-FEIRA;0;quinta-feira;SEMANAL;094-IVAIPORA LOCAL - D3
RODO/COURIER;LOCAL - D3;094-JACAREZINHO;SEGUNDA-FEIRA;20;terça-feira;SEMANAL;094-JACAREZINHO LOCAL - D3
RODO/COURIER;LOCAL - D3;094-JACAREZINHO;QUARTA-FEIRA;20;quinta-feira;SEMANAL;094-JACAREZINHO LOCAL - D3
RODO/COURIER;LOCAL - D3;094-JACAREZINHO;SEXTA-FEIRA;20;sábado;SEMANAL;094-JACAREZINHO LOCAL - D3
RODO/COURIER;LOCAL - D3;094-MANDAGUACU;SEGUNDA-FEIRA;0;terça-feira;SEMANAL;094-MANDAGUACU LOCAL - D3
RODO/COURIER;LOCAL - D3;094-MANDAGUACU;QUARTA-FEIRA;0;quinta-feira;SEMANAL;094-MANDAGUACU LOCAL - D3
RODO/COURIER;LOCAL - D3;094-MANDAGUACU;SEXTA-FEIRA;0;sábado;SEMANAL;094-MANDAGUACU LOCAL - D3
RODO/COURIER;LOCAL - D3;094-MATELANDIA;TERÇA-FEIRA;10;quarta-feira;SEMANAL;094-MATELANDIA LOCAL - D3
RODO/COURIER;LOCAL - D3;094-MATELANDIA;QUINTA-FEIRA;10;sexta-feira;SEMANAL;094-MATELANDIA LOCAL - D3
RODO/COURIER;LOCAL - D3;094-MATELANDIA;SÁBADO;13;segunda-feira;SEMANAL;094-MATELANDIA LOCAL - D3
RODO/COURIER;LOCAL - D3;094-NOVA ANDRADINA;SEGUNDA-FEIRA;0;terça-feira;SEMANAL;094-NOVA ANDRADINA LOCAL - D3
RODO/COURIER;LOCAL - D3;094-NOVA ANDRADINA;QUARTA-FEIRA;0;quinta-feira;SEMANAL;094-NOVA ANDRADINA LOCAL - D3
RODO/COURIER;LOCAL - D3;094-NOVA ANDRADINA;SEXTA-FEIRA;0;sábado;SEMANAL;094-NOVA ANDRADINA LOCAL - D3
RODO/COURIER;LOCAL - D3;094-OSVALDO CRUZ;TERÇA-FEIRA;17;quarta-feira;SEMANAL;094-OSVALDO CRUZ LOCAL - D3
RODO/COURIER;LOCAL - D3;094-OSVALDO CRUZ;QUINTA-FEIRA;17;sexta-feira;SEMANAL;094-OSVALDO CRUZ LOCAL - D3
RODO/COURIER;LOCAL - D3;094-OSVALDO CRUZ;SÁBADO;13;segunda-feira;SEMANAL;094-OSVALDO CRUZ LOCAL - D3
RODO/COURIER;LOCAL - D3;094-OURINHOS A;SEGUNDA-FEIRA;6;terça-feira;SEMANAL;094-OURINHOS A LOCAL - D3
RODO/COURIER;LOCAL - D3;094-OURINHOS A;QUARTA-FEIRA;18;quinta-feira;SEMANAL;094-OURINHOS A LOCAL - D3
RODO/COURIER;LOCAL - D3;094-OURINHOS A;SEXTA-FEIRA;18;sábado;SEMANAL;094-OURINHOS A LOCAL - D3
RODO/COURIER;LOCAL - D3;094-OURINHOS B;SEGUNDA-FEIRA;6;terça-feira;SEMANAL;094-OURINHOS B LOCAL - D3
RODO/COURIER;LOCAL - D3;094-OURINHOS B;QUARTA-FEIRA;18;quinta-feira;SEMANAL;094-OURINHOS B LOCAL - D3
RODO/COURIER;LOCAL - D3;094-OURINHOS B;SEXTA-FEIRA;18;sábado;SEMANAL;094-OURINHOS B LOCAL - D3
RODO/COURIER;LOCAL - D3;094-OURINHOS C;SEGUNDA-FEIRA;6;terça-feira;SEMANAL;094-OURINHOS C LOCAL - D3
RODO/COURIER;LOCAL - D3;094-OURINHOS C;QUARTA-FEIRA;18;quinta-feira;SEMANAL;094-OURINHOS C LOCAL - D3
RODO/COURIER;LOCAL - D3;094-OURINHOS C;SEXTA-FEIRA;18;sábado;SEMANAL;094-OURINHOS C LOCAL - D3
RODO/COURIER;LOCAL - D3;094-OURINHOS D;SEGUNDA-FEIRA;6;terça-feira;SEMANAL;094-OURINHOS D LOCAL - D3
RODO/COURIER;LOCAL - D3;094-OURINHOS D;QUARTA-FEIRA;18;quinta-feira;SEMANAL;094-OURINHOS D LOCAL - D3
RODO/COURIER;LOCAL - D3;094-OURINHOS D;SEXTA-FEIRA;18;sábado;SEMANAL;094-OURINHOS D LOCAL - D3
RODO/COURIER;LOCAL - D3;094-OURINHOS E;SEGUNDA-FEIRA;6;terça-feira;SEMANAL;094-OURINHOS E LOCAL - D3
RODO/COURIER;LOCAL - D3;094-OURINHOS E;QUARTA-FEIRA;18;quinta-feira;SEMANAL;094-OURINHOS E LOCAL - D3
RODO/COURIER;LOCAL - D3;094-OURINHOS E;SEXTA-FEIRA;18;sábado;SEMANAL;094-OURINHOS E LOCAL - D3
RODO/COURIER;LOCAL - D3;094-OURINHOS F;SEGUNDA-FEIRA;6;terça-feira;SEMANAL;094-OURINHOS F LOCAL - D3
RODO/COURIER;LOCAL - D3;094-OURINHOS F;QUARTA-FEIRA;18;quinta-feira;SEMANAL;094-OURINHOS F LOCAL - D3
RODO/COURIER;LOCAL - D3;094-OURINHOS F;SEXTA-FEIRA;18;sábado;SEMANAL;094-OURINHOS F LOCAL - D3
RODO/COURIER;LOCAL - D3;094-OURINHOS G;SEGUNDA-FEIRA;6;terça-feira;SEMANAL;094-OURINHOS G LOCAL - D3
RODO/COURIER;LOCAL - D3;094-OURINHOS G;QUARTA-FEIRA;18;quinta-feira;SEMANAL;094-OURINHOS G LOCAL - D3
RODO/COURIER;LOCAL - D3;094-OURINHOS G;SEXTA-FEIRA;18;sábado;SEMANAL;094-OURINHOS G LOCAL - D3
RODO/COURIER;LOCAL - D3;094-OURINHOS H;SEGUNDA-FEIRA;6;terça-feira;SEMANAL;094-OURINHOS H LOCAL - D3
RODO/COURIER;LOCAL - D3;094-OURINHOS H;QUARTA-FEIRA;18;quinta-feira;SEMANAL;094-OURINHOS H LOCAL - D3
RODO/COURIER;LOCAL - D3;094-OURINHOS H;SEXTA-FEIRA;18;sábado;SEMANAL;094-OURINHOS H LOCAL - D3
RODO/COURIER;LOCAL - D3;094-OURINHOS I;SEGUNDA-FEIRA;6;terça-feira;SEMANAL;094-OURINHOS I LOCAL - D3
RODO/COURIER;LOCAL - D3;094-OURINHOS I;QUARTA-FEIRA;18;quinta-feira;SEMANAL;094-OURINHOS I LOCAL - D3
RODO/COURIER;LOCAL - D3;094-OURINHOS I;SEXTA-FEIRA;18;sábado;SEMANAL;094-OURINHOS I LOCAL - D3
RODO/COURIER;LOCAL - D3;094-OURINHOS J;SEGUNDA-FEIRA;6;terça-feira;SEMANAL;094-OURINHOS J LOCAL - D3
RODO/COURIER;LOCAL - D3;094-OURINHOS J;QUARTA-FEIRA;18;quinta-feira;SEMANAL;094-OURINHOS J LOCAL - D3
RODO/COURIER;LOCAL - D3;094-OURINHOS J;SEXTA-FEIRA;18;sábado;SEMANAL;094-OURINHOS J LOCAL - D3
RODO/COURIER;LOCAL - D3;094-PALOTINA;SEGUNDA-FEIRA;9;terça-feira;SEMANAL;094-PALOTINA LOCAL - D3
RODO/COURIER;LOCAL - D3;094-PALOTINA;QUARTA-FEIRA;9;quinta-feira;SEMANAL;094-PALOTINA LOCAL - D3
RODO/COURIER;LOCAL - D3;094-PALOTINA;SEXTA-FEIRA;9;sábado;SEMANAL;094-PALOTINA LOCAL - D3
RODO/COURIER;LOCAL - D3;094-PARAGUACU PAULISTA A;SEGUNDA-FEIRA;18;terça-feira;SEMANAL;094-PARAGUACU PAULISTA A LOCAL - D3
RODO/COURIER;LOCAL - D3;094-PARAGUACU PAULISTA A;QUARTA-FEIRA;18;quinta-feira;SEMANAL;094-PARAGUACU PAULISTA A LOCAL - D3
RODO/COURIER;LOCAL - D3;094-PARAGUACU PAULISTA A;SEXTA-FEIRA;18;sábado;SEMANAL;094-PARAGUACU PAULISTA A LOCAL - D3
RODO/COURIER;LOCAL - D3;094-PARAGUACU PAULISTA B;SEGUNDA-FEIRA;18;terça-feira;SEMANAL;094-PARAGUACU PAULISTA B LOCAL - D3
RODO/COURIER;LOCAL - D3;094-PARAGUACU PAULISTA B;QUARTA-FEIRA;18;quinta-feira;SEMANAL;094-PARAGUACU PAULISTA B LOCAL - D3
RODO/COURIER;LOCAL - D3;094-PARAGUACU PAULISTA B;SEXTA-FEIRA;18;sábado;SEMANAL;094-PARAGUACU PAULISTA B LOCAL - D3
RODO/COURIER;LOCAL - D3;094-PARAGUACU PAULISTA C;SEGUNDA-FEIRA;18;terça-feira;SEMANAL;094-PARAGUACU PAULISTA C LOCAL - D3
RODO/COURIER;LOCAL - D3;094-PARAGUACU PAULISTA C;QUARTA-FEIRA;18;quinta-feira;SEMANAL;094-PARAGUACU PAULISTA C LOCAL - D3
RODO/COURIER;LOCAL - D3;094-PARAGUACU PAULISTA C;SEXTA-FEIRA;18;sábado;SEMANAL;094-PARAGUACU PAULISTA C LOCAL - D3
RODO/COURIER;LOCAL - D3;094-PARAGUACU PAULISTA D;SEGUNDA-FEIRA;18;terça-feira;SEMANAL;094-PARAGUACU PAULISTA D LOCAL - D3
RODO/COURIER;LOCAL - D3;094-PARAGUACU PAULISTA D;QUARTA-FEIRA;18;quinta-feira;SEMANAL;094-PARAGUACU PAULISTA D LOCAL - D3
RODO/COURIER;LOCAL - D3;094-PARAGUACU PAULISTA D;SEXTA-FEIRA;18;sábado;SEMANAL;094-PARAGUACU PAULISTA D LOCAL - D3
RODO/COURIER;LOCAL - D3;094-PARANAIBA;TERÇA-FEIRA;6;quarta-feira;SEMANAL;094-PARANAIBA LOCAL - D3
RODO/COURIER;LOCAL - D3;094-PARANAIBA;QUINTA-FEIRA;6;sexta-feira;SEMANAL;094-PARANAIBA LOCAL - D3
RODO/COURIER;LOCAL - D3;094-PARANAIBA;SÁBADO;0;segunda-feira;SEMANAL;094-PARANAIBA LOCAL - D3
RODO/COURIER;LOCAL - D3;094-PARANAVAI A;SEGUNDA-FEIRA;20;terça-feira;SEMANAL;094-PARANAVAI A LOCAL - D3
RODO/COURIER;LOCAL - D3;094-PARANAVAI A;QUARTA-FEIRA;20;quinta-feira;SEMANAL;094-PARANAVAI A LOCAL - D3
RODO/COURIER;LOCAL - D3;094-PARANAVAI A;SÁBADO;13;segunda-feira;SEMANAL;094-PARANAVAI A LOCAL - D3
RODO/COURIER;LOCAL - D3;094-PARANAVAI B;SEGUNDA-FEIRA;20;terça-feira;SEMANAL;094-PARANAVAI B LOCAL - D3
RODO/COURIER;LOCAL - D3;094-PARANAVAI B;QUARTA-FEIRA;20;quinta-feira;SEMANAL;094-PARANAVAI B LOCAL - D3
RODO/COURIER;LOCAL - D3;094-PARANAVAI B;SÁBADO;13;segunda-feira;SEMANAL;094-PARANAVAI B LOCAL - D3
RODO/COURIER;LOCAL - D3;094-PARANAVAI C;SEGUNDA-FEIRA;20;terça-feira;SEMANAL;094-PARANAVAI C LOCAL - D3
RODO/COURIER;LOCAL - D3;094-PARANAVAI C;QUARTA-FEIRA;20;quinta-feira;SEMANAL;094-PARANAVAI C LOCAL - D3
RODO/COURIER;LOCAL - D3;094-PARANAVAI C;SÁBADO;13;segunda-feira;SEMANAL;094-PARANAVAI C LOCAL - D3
RODO/COURIER;LOCAL - D3;094-PARANAVAI D;SEGUNDA-FEIRA;20;terça-feira;SEMANAL;094-PARANAVAI D LOCAL - D3
RODO/COURIER;LOCAL - D3;094-PARANAVAI D;QUARTA-FEIRA;20;quinta-feira;SEMANAL;094-PARANAVAI D LOCAL - D3
RODO/COURIER;LOCAL - D3;094-PARANAVAI D;SÁBADO;13;segunda-feira;SEMANAL;094-PARANAVAI D LOCAL - D3
RODO/COURIER;LOCAL - D3;094-PARANAVAI E;SEGUNDA-FEIRA;20;terça-feira;SEMANAL;094-PARANAVAI E LOCAL - D3
RODO/COURIER;LOCAL - D3;094-PARANAVAI E;QUARTA-FEIRA;20;quinta-feira;SEMANAL;094-PARANAVAI E LOCAL - D3
RODO/COURIER;LOCAL - D3;094-PARANAVAI E;SÁBADO;13;segunda-feira;SEMANAL;094-PARANAVAI E LOCAL - D3
RODO/COURIER;LOCAL - D3;094-PARANAVAI F;SEGUNDA-FEIRA;20;terça-feira;SEMANAL;094-PARANAVAI F LOCAL - D3
RODO/COURIER;LOCAL - D3;094-PARANAVAI F;QUARTA-FEIRA;20;quinta-feira;SEMANAL;094-PARANAVAI F LOCAL - D3
RODO/COURIER;LOCAL - D3;094-PARANAVAI F;SÁBADO;13;segunda-feira;SEMANAL;094-PARANAVAI F LOCAL - D3
RODO/COURIER;LOCAL - D3;094-PARANAVAI G;SEGUNDA-FEIRA;20;terça-feira;SEMANAL;094-PARANAVAI G LOCAL - D3
RODO/COURIER;LOCAL - D3;094-PARANAVAI G;QUARTA-FEIRA;20;quinta-feira;SEMANAL;094-PARANAVAI G LOCAL - D3
RODO/COURIER;LOCAL - D3;094-PARANAVAI G;SÁBADO;13;segunda-feira;SEMANAL;094-PARANAVAI G LOCAL - D3
RODO/COURIER;LOCAL - D3;094-PARANAVAI H;SEGUNDA-FEIRA;20;terça-feira;SEMANAL;094-PARANAVAI H LOCAL - D3
RODO/COURIER;LOCAL - D3;094-PARANAVAI H;QUARTA-FEIRA;20;quinta-feira;SEMANAL;094-PARANAVAI H LOCAL - D3
RODO/COURIER;LOCAL - D3;094-PARANAVAI H;SÁBADO;13;segunda-feira;SEMANAL;094-PARANAVAI H LOCAL - D3
RODO/COURIER;LOCAL - D3;094-PARANAVAI I;SEGUNDA-FEIRA;20;terça-feira;SEMANAL;094-PARANAVAI I LOCAL - D3
RODO/COURIER;LOCAL - D3;094-PARANAVAI I;QUARTA-FEIRA;20;quinta-feira;SEMANAL;094-PARANAVAI I LOCAL - D3
RODO/COURIER;LOCAL - D3;094-PARANAVAI I;SÁBADO;13;segunda-feira;SEMANAL;094-PARANAVAI I LOCAL - D3
RODO/COURIER;LOCAL - D3;094-PITANGA;SEGUNDA-FEIRA;0;segunda-feira;SEMANAL;094-PITANGA LOCAL - D3
RODO/COURIER;LOCAL - D3;094-PITANGA;QUINTA-FEIRA;0;quinta-feira;SEMANAL;094-PITANGA LOCAL - D3
RODO/COURIER;LOCAL - D3;094-PORECATU;SEGUNDA-FEIRA;0;segunda-feira;SEMANAL;094-PORECATU LOCAL - D3
RODO/COURIER;LOCAL - D3;094-PORECATU;QUINTA-FEIRA;0;quinta-feira;SEMANAL;094-PORECATU LOCAL - D3
RODO/COURIER;LOCAL - D3;094-PRESIDENTE EPITACIO;TERÇA-FEIRA;17;quarta-feira;SEMANAL;094-PRESIDENTE EPITACIO LOCAL - D3
RODO/COURIER;LOCAL - D3;094-PRESIDENTE EPITACIO;QUINTA-FEIRA;17;sexta-feira;SEMANAL;094-PRESIDENTE EPITACIO LOCAL - D3
RODO/COURIER;LOCAL - D3;094-PRESIDENTE EPITACIO;SÁBADO;13;segunda-feira;SEMANAL;094-PRESIDENTE EPITACIO LOCAL - D3
RODO/COURIER;LOCAL - D3;094-PRIMAVERA;SEGUNDA-FEIRA;0;terça-feira;SEMANAL;094-PRIMAVERA LOCAL - D3
RODO/COURIER;LOCAL - D3;094-PRIMAVERA;QUARTA-FEIRA;0;quinta-feira;SEMANAL;094-PRIMAVERA LOCAL - D3
RODO/COURIER;LOCAL - D3;094-PRIMAVERA;SEXTA-FEIRA;0;sábado;SEMANAL;094-PRIMAVERA LOCAL - D3
RODO/COURIER;LOCAL - D3;094-ROLANDIA;SEGUNDA-FEIRA;0;segunda-feira;SEMANAL;094-ROLANDIA LOCAL - D3
RODO/COURIER;LOCAL - D3;094-ROLANDIA;QUINTA-FEIRA;0;quinta-feira;SEMANAL;094-ROLANDIA LOCAL - D3
RODO/COURIER;LOCAL - D3;094-SANTA CRUZ RIO PARDO A;SEGUNDA-FEIRA;18;terça-feira;SEMANAL;094-SANTA CRUZ RIO PARDO A LOCAL - D3
RODO/COURIER;LOCAL - D3;094-SANTA CRUZ RIO PARDO A;QUARTA-FEIRA;18;quinta-feira;SEMANAL;094-SANTA CRUZ RIO PARDO A LOCAL - D3
RODO/COURIER;LOCAL - D3;094-SANTA CRUZ RIO PARDO A;SEXTA-FEIRA;18;sábado;SEMANAL;094-SANTA CRUZ RIO PARDO A LOCAL - D3
RODO/COURIER;LOCAL - D3;094-SANTA CRUZ RIO PARDO B;SEGUNDA-FEIRA;18;terça-feira;SEMANAL;094-SANTA CRUZ RIO PARDO B LOCAL - D3
RODO/COURIER;LOCAL - D3;094-SANTA CRUZ RIO PARDO B;QUARTA-FEIRA;18;quinta-feira;SEMANAL;094-SANTA CRUZ RIO PARDO B LOCAL - D3
RODO/COURIER;LOCAL - D3;094-SANTA CRUZ RIO PARDO B;SEXTA-FEIRA;18;sábado;SEMANAL;094-SANTA CRUZ RIO PARDO B LOCAL - D3
RODO/COURIER;LOCAL - D3;094-SANTA CRUZ RIO PARDO C;SEGUNDA-FEIRA;18;terça-feira;SEMANAL;094-SANTA CRUZ RIO PARDO C LOCAL - D3
RODO/COURIER;LOCAL - D3;094-SANTA CRUZ RIO PARDO C;QUARTA-FEIRA;18;quinta-feira;SEMANAL;094-SANTA CRUZ RIO PARDO C LOCAL - D3
RODO/COURIER;LOCAL - D3;094-SANTA CRUZ RIO PARDO C;SEXTA-FEIRA;18;sábado;SEMANAL;094-SANTA CRUZ RIO PARDO C LOCAL - D3
RODO/COURIER;LOCAL - D3;094-SANTA CRUZ RIO PARDO D;SEGUNDA-FEIRA;18;terça-feira;SEMANAL;094-SANTA CRUZ RIO PARDO D LOCAL - D3
RODO/COURIER;LOCAL - D3;094-SANTA CRUZ RIO PARDO D;QUARTA-FEIRA;18;quinta-feira;SEMANAL;094-SANTA CRUZ RIO PARDO D LOCAL - D3
RODO/COURIER;LOCAL - D3;094-SANTA CRUZ RIO PARDO D;SEXTA-FEIRA;18;sábado;SEMANAL;094-SANTA CRUZ RIO PARDO D LOCAL - D3
RODO/COURIER;LOCAL - D3;094-SANTA CRUZ RIO PARDO E;SEGUNDA-FEIRA;18;terça-feira;SEMANAL;094-SANTA CRUZ RIO PARDO E LOCAL - D3
RODO/COURIER;LOCAL - D3;094-SANTA CRUZ RIO PARDO E;QUARTA-FEIRA;18;quinta-feira;SEMANAL;094-SANTA CRUZ RIO PARDO E LOCAL - D3
RODO/COURIER;LOCAL - D3;094-SANTA CRUZ RIO PARDO E;SEXTA-FEIRA;18;sábado;SEMANAL;094-SANTA CRUZ RIO PARDO E LOCAL - D3
RODO/COURIER;LOCAL - D3;094-SANTA CRUZ RIO PARDO F;SEGUNDA-FEIRA;18;terça-feira;SEMANAL;094-SANTA CRUZ RIO PARDO F LOCAL - D3
RODO/COURIER;LOCAL - D3;094-SANTA CRUZ RIO PARDO F;QUARTA-FEIRA;18;quinta-feira;SEMANAL;094-SANTA CRUZ RIO PARDO F LOCAL - D3
RODO/COURIER;LOCAL - D3;094-SANTA CRUZ RIO PARDO F;SEXTA-FEIRA;18;sábado;SEMANAL;094-SANTA CRUZ RIO PARDO F LOCAL - D3
RODO/COURIER;LOCAL - D3;094-SANTA CRUZ RIO PARDO G;SEGUNDA-FEIRA;18;terça-feira;SEMANAL;094-SANTA CRUZ RIO PARDO G LOCAL - D3
RODO/COURIER;LOCAL - D3;094-SANTA CRUZ RIO PARDO G;QUARTA-FEIRA;18;quinta-feira;SEMANAL;094-SANTA CRUZ RIO PARDO G LOCAL - D3
RODO/COURIER;LOCAL - D3;094-SANTA CRUZ RIO PARDO G;SEXTA-FEIRA;18;sábado;SEMANAL;094-SANTA CRUZ RIO PARDO G LOCAL - D3
RODO/COURIER;LOCAL - D3;094-SANTO ANTONIO DA PLATINA;TERÇA-FEIRA;20;quarta-feira;SEMANAL;094-SANTO ANTONIO DA PLATINA LOCAL - D3
RODO/COURIER;LOCAL - D3;094-SANTO ANTONIO DA PLATINA;QUINTA-FEIRA;20;sexta-feira;SEMANAL;094-SANTO ANTONIO DA PLATINA LOCAL - D3
RODO/COURIER;LOCAL - D3;094-SANTO ANTONIO DA PLATINA;SÁBADO;16;segunda-feira;SEMANAL;094-SANTO ANTONIO DA PLATINA LOCAL - D3
RODO/COURIER;LOCAL - D3;094-TOLEDO A;SEGUNDA-FEIRA;12;terça-feira;SEMANAL;094-TOLEDO A LOCAL - D3
RODO/COURIER;LOCAL - D3;094-TOLEDO A;QUARTA-FEIRA;12;quinta-feira;SEMANAL;094-TOLEDO A LOCAL - D3
RODO/COURIER;LOCAL - D3;094-TOLEDO A;SEXTA-FEIRA;12;sábado;SEMANAL;094-TOLEDO A LOCAL - D3
RODO/COURIER;LOCAL - D3;094-TOLEDO B;SEGUNDA-FEIRA;12;terça-feira;SEMANAL;094-TOLEDO B LOCAL - D3
RODO/COURIER;LOCAL - D3;094-TOLEDO B;QUARTA-FEIRA;12;quinta-feira;SEMANAL;094-TOLEDO B LOCAL - D3
RODO/COURIER;LOCAL - D3;094-TOLEDO B;SEXTA-FEIRA;12;sábado;SEMANAL;094-TOLEDO B LOCAL - D3
RODO/COURIER;LOCAL - D3;094-TOLEDO C;SEGUNDA-FEIRA;12;terça-feira;SEMANAL;094-TOLEDO C LOCAL - D3
RODO/COURIER;LOCAL - D3;094-TOLEDO C;QUARTA-FEIRA;12;quinta-feira;SEMANAL;094-TOLEDO C LOCAL - D3
RODO/COURIER;LOCAL - D3;094-TOLEDO C;SEXTA-FEIRA;12;sábado;SEMANAL;094-TOLEDO C LOCAL - D3
RODO/COURIER;LOCAL - D3;094-TOLEDO D;SEGUNDA-FEIRA;12;terça-feira;SEMANAL;094-TOLEDO D LOCAL - D3
RODO/COURIER;LOCAL - D3;094-TOLEDO D;QUARTA-FEIRA;12;quinta-feira;SEMANAL;094-TOLEDO D LOCAL - D3
RODO/COURIER;LOCAL - D3;094-TOLEDO D;SEXTA-FEIRA;12;sábado;SEMANAL;094-TOLEDO D LOCAL - D3
RODO/COURIER;LOCAL - D3;094-TRES LAGOAS A;SEGUNDA-FEIRA;14;terça-feira;SEMANAL;094-TRES LAGOAS A LOCAL - D3
RODO/COURIER;LOCAL - D3;094-TRES LAGOAS A;TERÇA-FEIRA;14;quarta-feira;SEMANAL;094-TRES LAGOAS A LOCAL - D3
RODO/COURIER;LOCAL - D3;094-TRES LAGOAS A;QUINTA-FEIRA;14;sexta-feira;SEMANAL;094-TRES LAGOAS A LOCAL - D3
RODO/COURIER;LOCAL - D3;094-TRES LAGOAS A;SÁBADO;13;segunda-feira;SEMANAL;094-TRES LAGOAS A LOCAL - D3
RODO/COURIER;LOCAL - D3;094-TRES LAGOAS B;SEGUNDA-FEIRA;14;terça-feira;SEMANAL;094-TRES LAGOAS B LOCAL - D3
RODO/COURIER;LOCAL - D3;094-TRES LAGOAS B;TERÇA-FEIRA;14;quarta-feira;SEMANAL;094-TRES LAGOAS B LOCAL - D3
RODO/COURIER;LOCAL - D3;094-TRES LAGOAS B;QUINTA-FEIRA;14;sexta-feira;SEMANAL;094-TRES LAGOAS B LOCAL - D3
RODO/COURIER;LOCAL - D3;094-TRES LAGOAS B;SÁBADO;13;segunda-feira;SEMANAL;094-TRES LAGOAS B LOCAL - D3
RODO/COURIER;LOCAL - D3;094-TRES LAGOAS C;SEGUNDA-FEIRA;14;terça-feira;SEMANAL;094-TRES LAGOAS C LOCAL - D3
RODO/COURIER;LOCAL - D3;094-TRES LAGOAS C;TERÇA-FEIRA;14;quarta-feira;SEMANAL;094-TRES LAGOAS C LOCAL - D3
RODO/COURIER;LOCAL - D3;094-TRES LAGOAS C;QUINTA-FEIRA;14;sexta-feira;SEMANAL;094-TRES LAGOAS C LOCAL - D3
RODO/COURIER;LOCAL - D3;094-TRES LAGOAS C;SÁBADO;13;segunda-feira;SEMANAL;094-TRES LAGOAS C LOCAL - D3
RODO/COURIER;LOCAL - D3;094-TRES LAGOAS D;SEGUNDA-FEIRA;14;terça-feira;SEMANAL;094-TRES LAGOAS D LOCAL - D3
RODO/COURIER;LOCAL - D3;094-TRES LAGOAS D;TERÇA-FEIRA;14;quarta-feira;SEMANAL;094-TRES LAGOAS D LOCAL - D3
RODO/COURIER;LOCAL - D3;094-TRES LAGOAS D;QUINTA-FEIRA;14;sexta-feira;SEMANAL;094-TRES LAGOAS D LOCAL - D3
RODO/COURIER;LOCAL - D3;094-TRES LAGOAS D;SÁBADO;13;segunda-feira;SEMANAL;094-TRES LAGOAS D LOCAL - D3
RODO/COURIER;LOCAL - D3;094-TRES LAGOAS E;SEGUNDA-FEIRA;14;terça-feira;SEMANAL;094-TRES LAGOAS E LOCAL - D3
RODO/COURIER;LOCAL - D3;094-TRES LAGOAS E;TERÇA-FEIRA;14;quarta-feira;SEMANAL;094-TRES LAGOAS E LOCAL - D3
RODO/COURIER;LOCAL - D3;094-TRES LAGOAS E;QUINTA-FEIRA;14;sexta-feira;SEMANAL;094-TRES LAGOAS E LOCAL - D3
RODO/COURIER;LOCAL - D3;094-TRES LAGOAS E;SÁBADO;13;segunda-feira;SEMANAL;094-TRES LAGOAS E LOCAL - D3
RODO/COURIER;LOCAL - D3;094-TRES LAGOAS F;SEGUNDA-FEIRA;14;terça-feira;SEMANAL;094-TRES LAGOAS F LOCAL - D3
RODO/COURIER;LOCAL - D3;094-TRES LAGOAS F;TERÇA-FEIRA;14;quarta-feira;SEMANAL;094-TRES LAGOAS F LOCAL - D3
RODO/COURIER;LOCAL - D3;094-TRES LAGOAS F;QUINTA-FEIRA;14;sexta-feira;SEMANAL;094-TRES LAGOAS F LOCAL - D3
RODO/COURIER;LOCAL - D3;094-TRES LAGOAS F;SÁBADO;13;segunda-feira;SEMANAL;094-TRES LAGOAS F LOCAL - D3
RODO/COURIER;LOCAL - D3;094-TUPA A;SEGUNDA-FEIRA;18;quarta-feira;SEMANAL;094-TUPA A LOCAL - D3
RODO/COURIER;LOCAL - D3;094-TUPA A;QUARTA-FEIRA;18;quinta-feira;SEMANAL;094-TUPA A LOCAL - D3
RODO/COURIER;LOCAL - D3;094-TUPA A;SEXTA-FEIRA;18;sábado;SEMANAL;094-TUPA A LOCAL - D3
RODO/COURIER;LOCAL - D3;094-UMUARAMA A;TERÇA-FEIRA;20;quarta-feira;SEMANAL;094-UMUARAMA A LOCAL - D3
RODO/COURIER;LOCAL - D3;094-UMUARAMA A;QUINTA-FEIRA;20;sexta-feira;SEMANAL;094-UMUARAMA A LOCAL - D3
RODO/COURIER;LOCAL - D3;094-UMUARAMA A;SÁBADO;13;segunda-feira;SEMANAL;094-UMUARAMA A LOCAL - D3
RODO/COURIER;LOCAL - D3;094-UMUARAMA B;TERÇA-FEIRA;20;quarta-feira;SEMANAL;094-UMUARAMA B LOCAL - D3
RODO/COURIER;LOCAL - D3;094-UMUARAMA B;QUINTA-FEIRA;20;sexta-feira;SEMANAL;094-UMUARAMA B LOCAL - D3
RODO/COURIER;LOCAL - D3;094-UMUARAMA B;SÁBADO;13;segunda-feira;SEMANAL;094-UMUARAMA B LOCAL - D3
RODO/COURIER;LOCAL - D3;094-UMUARAMA C;TERÇA-FEIRA;20;quarta-feira;SEMANAL;094-UMUARAMA C LOCAL - D3
RODO/COURIER;LOCAL - D3;094-UMUARAMA C;QUINTA-FEIRA;20;sexta-feira;SEMANAL;094-UMUARAMA C LOCAL - D3
RODO/COURIER;LOCAL - D3;094-UMUARAMA C;SÁBADO;13;segunda-feira;SEMANAL;094-UMUARAMA C LOCAL - D3
RODO/COURIER;LOCAL - D3;094-UMUARAMA D;TERÇA-FEIRA;20;quarta-feira;SEMANAL;094-UMUARAMA D LOCAL - D3
RODO/COURIER;LOCAL - D3;094-UMUARAMA D;QUINTA-FEIRA;20;sexta-feira;SEMANAL;094-UMUARAMA D LOCAL - D3
RODO/COURIER;LOCAL - D3;094-UMUARAMA D;SÁBADO;13;segunda-feira;SEMANAL;094-UMUARAMA D LOCAL - D3
RODO/COURIER;LOCAL - D3;094-UMUARAMA E;TERÇA-FEIRA;20;quarta-feira;SEMANAL;094-UMUARAMA E LOCAL - D3
RODO/COURIER;LOCAL - D3;094-UMUARAMA E;QUINTA-FEIRA;20;sexta-feira;SEMANAL;094-UMUARAMA E LOCAL - D3
RODO/COURIER;LOCAL - D3;094-UMUARAMA E;SÁBADO;13;segunda-feira;SEMANAL;094-UMUARAMA E LOCAL - D3
RODO/COURIER;LOCAL - D3;094-UMUARAMA F;TERÇA-FEIRA;20;quarta-feira;SEMANAL;094-UMUARAMA F LOCAL - D3
RODO/COURIER;LOCAL - D3;094-UMUARAMA F;QUINTA-FEIRA;20;sexta-feira;SEMANAL;094-UMUARAMA F LOCAL - D3
RODO/COURIER;LOCAL - D3;094-UMUARAMA F;SÁBADO;13;segunda-feira;SEMANAL;094-UMUARAMA F LOCAL - D3
RODO/COURIER;LOCAL - D3;094-UMUARAMA G;TERÇA-FEIRA;20;quarta-feira;SEMANAL;094-UMUARAMA G LOCAL - D3
RODO/COURIER;LOCAL - D3;094-UMUARAMA G;QUINTA-FEIRA;20;sexta-feira;SEMANAL;094-UMUARAMA G LOCAL - D3
RODO/COURIER;LOCAL - D3;094-UMUARAMA G;SÁBADO;13;segunda-feira;SEMANAL;094-UMUARAMA G LOCAL - D3
RODO/COURIER;LOCAL - D3;094-UMUARAMA H;TERÇA-FEIRA;20;quarta-feira;SEMANAL;094-UMUARAMA H LOCAL - D3
RODO/COURIER;LOCAL - D3;094-UMUARAMA H;QUINTA-FEIRA;20;sexta-feira;SEMANAL;094-UMUARAMA H LOCAL - D3
RODO/COURIER;LOCAL - D3;094-UMUARAMA H;SÁBADO;13;segunda-feira;SEMANAL;094-UMUARAMA H LOCAL - D3
RODO/COURIER;LOCAL - D3;094-UMUARAMA I;TERÇA-FEIRA;20;quarta-feira;SEMANAL;094-UMUARAMA I LOCAL - D3
RODO/COURIER;LOCAL - D3;094-UMUARAMA I;QUINTA-FEIRA;20;sexta-feira;SEMANAL;094-UMUARAMA I LOCAL - D3
RODO/COURIER;LOCAL - D3;094-UMUARAMA I;SÁBADO;13;segunda-feira;SEMANAL;094-UMUARAMA I LOCAL - D3
RODO/COURIER;LOCAL - D3;094-UMUARAMA J;TERÇA-FEIRA;20;quarta-feira;SEMANAL;094-UMUARAMA J LOCAL - D3
RODO/COURIER;LOCAL - D3;094-UMUARAMA J;QUINTA-FEIRA;20;sexta-feira;SEMANAL;094-UMUARAMA J LOCAL - D3
RODO/COURIER;LOCAL - D3;094-UMUARAMA J;SÁBADO;13;segunda-feira;SEMANAL;094-UMUARAMA J LOCAL - D3
RODO/COURIER;LOCAL - D3;094-UMUARAMA K;TERÇA-FEIRA;20;quarta-feira;SEMANAL;094-UMUARAMA K LOCAL - D3
RODO/COURIER;LOCAL - D3;094-UMUARAMA K;QUINTA-FEIRA;20;sexta-feira;SEMANAL;094-UMUARAMA K LOCAL - D3
RODO/COURIER;LOCAL - D3;094-UMUARAMA K;SÁBADO;13;segunda-feira;SEMANAL;094-UMUARAMA K LOCAL - D3
RODO/COURIER;LOCAL - D3;094-UMUARAMA L;TERÇA-FEIRA;20;quarta-feira;SEMANAL;094-UMUARAMA L LOCAL - D3
RODO/COURIER;LOCAL - D3;094-UMUARAMA L;QUINTA-FEIRA;20;sexta-feira;SEMANAL;094-UMUARAMA L LOCAL - D3
RODO/COURIER;LOCAL - D3;094-UMUARAMA L;SÁBADO;13;segunda-feira;SEMANAL;094-UMUARAMA L LOCAL - D3
RODO/COURIER;LOCAL - D3;094-UMUARAMA M;TERÇA-FEIRA;20;quarta-feira;SEMANAL;094-UMUARAMA M LOCAL - D3
RODO/COURIER;LOCAL - D3;094-UMUARAMA M;QUINTA-FEIRA;20;sexta-feira;SEMANAL;094-UMUARAMA M LOCAL - D3
RODO/COURIER;LOCAL - D3;094-UMUARAMA M;SÁBADO;13;segunda-feira;SEMANAL;094-UMUARAMA M LOCAL - D3
RODO/COURIER;SAT 1;094-ALTONIA;SÁBADO;13;segunda-feira;SEMANAL;094-ALTONIA SAT 1
RODO/COURIER;SAT 1;094-ANDIRA;SEGUNDA-FEIRA;20;quarta-feira;SEMANAL;094-ANDIRA SAT 1
RODO/COURIER;SAT 1;094-APUCARANA;QUINTA-FEIRA;0;sexta-feira;SEMANAL;094-APUCARANA SAT 1
RODO/COURIER;SAT 1;094-ASSIS;TERÇA-FEIRA;18;quinta-feira;SEMANAL;094-ASSIS SAT 1
RODO/COURIER;SAT 1;094-ASTORGA;QUINTA-FEIRA;0;quinta-feira;SEMANAL;094-ASTORGA SAT 1
RODO/COURIER;SAT 1;094-BANDEIRANTES;TERÇA-FEIRA;0;quinta-feira;SEMANAL;094-BANDEIRANTES SAT 1
RODO/COURIER;SAT 1;094-CAMPO MOURAO;SEGUNDA-FEIRA;17;quarta-feira;SEMANAL;094-CAMPO MOURAO SAT 1
RODO/COURIER;SAT 1;094-CANDIDO MOTA;TERÇA-FEIRA;18;quinta-feira;SEMANAL;094-CANDIDO MOTA SAT 1
RODO/COURIER;SAT 1;094-CIANORTE;QUARTA-FEIRA;20;sábado;SEMANAL;094-CIANORTE SAT 1
RODO/COURIER;SAT 1;094-COLORADO;SEGUNDA-FEIRA;0;terça-feira;SEMANAL;094-COLORADO SAT 1
RODO/COURIER;SAT 1;094-CORNELIO PROCOPIO;SEGUNDA-FEIRA;0;terça-feira;SEMANAL;094-CORNELIO PROCOPIO SAT 1
RODO/COURIER;SAT 1;094-GOIOERE;SEGUNDA-FEIRA;17;quarta-feira;SEMANAL;094-GOIOERE SAT 1
RODO/COURIER;SAT 1;094-IBIPORA;TERÇA-FEIRA;0;terça-feira;SEMANAL;094-IBIPORA SAT 1
RODO/COURIER;SAT 1;094-ILHA SOLTEIRA;QUARTA-FEIRA;17;sexta-feira;SEMANAL;094-ILHA SOLTEIRA SAT 1
RODO/COURIER;SAT 1;094-IVAIPORA;SEGUNDA-FEIRA;0;terça-feira;SEMANAL;094-IVAIPORA SAT 1
RODO/COURIER;SAT 1;094-JACAREZINHO;SEGUNDA-FEIRA;20;quarta-feira;SEMANAL;094-JACAREZINHO SAT 1
RODO/COURIER;SAT 1;094-JANDAIA DO SUL;QUARTA-FEIRA;0;quarta-feira;SEMANAL;094-JANDAIA DO SUL SAT 1
RODO/COURIER;SAT 1;094-LONDRINA;QUARTA-FEIRA;0;quarta-feira;SEMANAL;094-LONDRINA SAT 1
RODO/COURIER;SAT 1;094-MARECHAL CANDIDO RONDON;SEGUNDA-FEIRA;12;quarta-feira;SEMANAL;094-MARECHAL CANDIDO RONDON SAT 1
RODO/COURIER;SAT 1;094-MARECHAL CANDIDO RONDON;SEXTA-FEIRA;12;quarta-feira;SEMANAL;094-MARECHAL CANDIDO RONDON SAT 1
RODO/COURIER;SAT 1;094-MARIALVA;SEGUNDA-FEIRA;0;sexta-feira;SEMANAL;094-MARIALVA SAT 1
RODO/COURIER;SAT 1;094-MARIALVA;QUARTA-FEIRA;0;sexta-feira;SEMANAL;094-MARIALVA SAT 1
RODO/COURIER;SAT 1;094-MARIALVA;SEXTA-FEIRA;0;sexta-feira;SEMANAL;094-MARIALVA SAT 1
RODO/COURIER;SAT 1;094-MARINGA;SEXTA-FEIRA;0;sábado;SEMANAL;094-MARINGA SAT 1
RODO/COURIER;SAT 1;094-MARINGA;SÁBADO;0;sábado;SEMANAL;094-MARINGA SAT 1
RODO/COURIER;SAT 1;094-MARTINOPOLIS;SEGUNDA-FEIRA;20;quarta-feira;SEMANAL;094-MARTINOPOLIS SAT 1
RODO/COURIER;SAT 1;094-MARTINOPOLIS;QUARTA-FEIRA;20;sexta-feira;SEMANAL;094-MARTINOPOLIS SAT 1
RODO/COURIER;SAT 1;094-MARTINOPOLIS;SEXTA-FEIRA;20;segunda-feira;SEMANAL;094-MARTINOPOLIS SAT 1
RODO/COURIER;SAT 1;094-MATELANDIA;QUINTA-FEIRA;10;sexta-feira;SEMANAL;094-MATELANDIA SAT 1
RODO/COURIER;SAT 1;094-MEDIANEIRA;TERÇA-FEIRA;10;quinta-feira;SEMANAL;094-MEDIANEIRA SAT 1
RODO/COURIER;SAT 1;094-NOVA ESPERANCA;SEGUNDA-FEIRA;0;quinta-feira;SEMANAL;094-NOVA ESPERANCA SAT 1
RODO/COURIER;SAT 1;094-NOVA ESPERANCA;QUARTA-FEIRA;0;quinta-feira;SEMANAL;094-NOVA ESPERANCA SAT 1
RODO/COURIER;SAT 1;094-NOVA LONDRINA;QUARTA-FEIRA;18;segunda-feira;SEMANAL;094-NOVA LONDRINA SAT 1
RODO/COURIER;SAT 1;094-NOVA LONDRINA;SÁBADO;13;segunda-feira;SEMANAL;094-NOVA LONDRINA SAT 1
RODO/COURIER;SAT 1;094-OSVALDO CRUZ;SÁBADO;13;terça-feira;SEMANAL;094-OSVALDO CRUZ SAT 1
RODO/COURIER;SAT 1;094-OURINHOS;SEGUNDA-FEIRA;6;quarta-feira;SEMANAL;094-OURINHOS SAT 1
RODO/COURIER;SAT 1;094-PAICANDU;SEXTA-FEIRA;0;sábado;SEMANAL;094-PAICANDU SAT 1
RODO/COURIER;SAT 1;094-PARAGUACU PAULISTA;SEXTA-FEIRA;18;segunda-feira;SEMANAL;094-PARAGUACU PAULISTA SAT 1
RODO/COURIER;SAT 1;094-PIRAJU;SEXTA-FEIRA;18;segunda-feira;SEMANAL;094-PIRAJU SAT 1
RODO/COURIER;SAT 1;094-PIRAPOZINHO;SEGUNDA-FEIRA;20;quarta-feira;SEMANAL;094-PIRAPOZINHO SAT 1
RODO/COURIER;SAT 1;094-PITANGA;SEGUNDA-FEIRA;0;segunda-feira;SEMANAL;094-PITANGA SAT 1
RODO/COURIER;SAT 1;094-PONTA PORA;QUINTA-FEIRA;6;sábado;SEMANAL;094-PONTA PORA SAT 1
RODO/COURIER;SAT 1;094-PORECATU;SEGUNDA-FEIRA;0;segunda-feira;SEMANAL;094-PORECATU SAT 1
RODO/COURIER;SAT 1;094-PRESIDENTE PRUDENTE;QUINTA-FEIRA;20;sábado;SEMANAL;094-PRESIDENTE PRUDENTE SAT 1
RODO/COURIER;SAT 1;094-SANTA CRUZ RIO PARDO;SEGUNDA-FEIRA;18;terça-feira;SEMANAL;094-SANTA CRUZ RIO PARDO SAT 1
RODO/COURIER;SAT 1;094-SANTA HELENA;QUARTA-FEIRA;12;sexta-feira;SEMANAL;094-SANTA HELENA SAT 1
RODO/COURIER;SAT 1;094-SANTO ANASTACIO;QUINTA-FEIRA;20;sábado;SEMANAL;094-SANTO ANASTACIO SAT 1
RODO/COURIER;SAT 1;094-SANTO ANTONIO DA PLATINA;SÁBADO;16;terça-feira;SEMANAL;094-SANTO ANTONIO DA PLATINA SAT 1
RODO/COURIER;SAT 1;094-SAO MIGUEL DO IGUACU;TERÇA-FEIRA;10;quinta-feira;SEMANAL;094-SAO MIGUEL DO IGUACU SAT 1
RODO/COURIER;SAT 1;094-TAQUARITUBA;SEXTA-FEIRA;18;segunda-feira;SEMANAL;094-TAQUARITUBA SAT 1
RODO/COURIER;SAT 1;094-TOLEDO;QUARTA-FEIRA;12;sexta-feira;SEMANAL;094-TOLEDO SAT 1
RODO/COURIER;SAT 1;094-UBIRATA;SEGUNDA-FEIRA;13;quinta-feira;SEMANAL;094-UBIRATA SAT 1
RODO/COURIER;SAT 1;094-UBIRATA;TERÇA-FEIRA;13;quinta-feira;SEMANAL;094-UBIRATA SAT 1
RODO/COURIER;SAT 1;094-UMUARAMA;SÁBADO;13;terça-feira;SEMANAL;094-UMUARAMA SAT 1
RODO/COURIER;SAT 1 - D3;094-ROLANDIA;SEGUNDA-FEIRA;0;segunda-feira;SEMANAL;094-ROLANDIA SAT 1 - D3
RODO/COURIER;SAT 1 - D3;094-ROLANDIA;QUINTA-FEIRA;0;quinta-feira;SEMANAL;094-ROLANDIA SAT 1 - D3
RODO/COURIER;SAT 10;094-CAMPO MOURAO;SEGUNDA-FEIRA;17;quarta-feira;SEMANAL;094-CAMPO MOURAO SAT 10
RODO/COURIER;SAT 15;094-NAVIRAI;QUINTA-FEIRA;6;sábado;QUINZENAL;094-NAVIRAI SAT 15
RODO/COURIER;SAT 15;094-PONTA PORA;QUINTA-FEIRA;6;sábado;QUINZENAL;094-PONTA PORA SAT 15
RODO/COURIER;SAT 2;094-ALTONIA;TERÇA-FEIRA;20;quinta-feira;QUINZENAL;094-ALTONIA SAT 2
RODO/COURIER;SAT 2;094-ANDIRA;SEGUNDA-FEIRA;20;quarta-feira;SEMANAL;094-ANDIRA SAT 2
RODO/COURIER;SAT 2;094-ANDIRA;QUARTA-FEIRA;20;quarta-feira;PRÓXIMA SEMANA;094-ANDIRA SAT 2
RODO/COURIER;SAT 2;094-ANDIRA;SEXTA-FEIRA;20;quarta-feira;SEMANAL;094-ANDIRA SAT 2
RODO/COURIER;SAT 2;094-APUCARANA;SEGUNDA-FEIRA;0;terça-feira;SEMANAL;094-APUCARANA SAT 2
RODO/COURIER;SAT 2;094-ASSIS;TERÇA-FEIRA;18;quinta-feira;SEMANAL;094-ASSIS SAT 2
RODO/COURIER;SAT 2;094-ASTORGA;QUINTA-FEIRA;0;quinta-feira;SEMANAL;094-ASTORGA SAT 2
RODO/COURIER;SAT 2;094-CAMPO MOURAO;SEXTA-FEIRA;17;segunda-feira;SEMANAL;094-CAMPO MOURAO SAT 2
RODO/COURIER;SAT 2;094-CANDIDO MOTA;TERÇA-FEIRA;18;quinta-feira;SEMANAL;094-CANDIDO MOTA SAT 2
RODO/COURIER;SAT 2;094-CIANORTE;QUARTA-FEIRA;20;sábado;SEMANAL;094-CIANORTE SAT 2
RODO/COURIER;SAT 2;094-COLORADO;SEGUNDA-FEIRA;0;terça-feira;SEMANAL;094-COLORADO SAT 2
RODO/COURIER;SAT 2;094-CORNELIO PROCOPIO;TERÇA-FEIRA;0;quarta-feira;SEMANAL;094-CORNELIO PROCOPIO SAT 2
RODO/COURIER;SAT 2;094-FOZ DO IGUACU;SEGUNDA-FEIRA;13;quarta-feira;SEMANAL;094-FOZ DO IGUACU SAT 2
RODO/COURIER;SAT 2;094-GOIOERE;SEGUNDA-FEIRA;17;quarta-feira;SEMANAL;094-GOIOERE SAT 2
RODO/COURIER;SAT 2;094-IVAIPORA;SEGUNDA-FEIRA;0;terça-feira;SEMANAL;094-IVAIPORA SAT 2
RODO/COURIER;SAT 2;094-LONDRINA;QUARTA-FEIRA;0;quarta-feira;SEMANAL;094-LONDRINA SAT 2
RODO/COURIER;SAT 2;094-MANDAGUACU;QUARTA-FEIRA;0;quinta-feira;SEMANAL;094-MANDAGUACU SAT 2
RODO/COURIER;SAT 2;094-MARTINOPOLIS;SEGUNDA-FEIRA;20;quarta-feira;SEMANAL;094-MARTINOPOLIS SAT 2
RODO/COURIER;SAT 2;094-NOVA ESPERANCA;SEXTA-FEIRA;0;segunda-feira;SEMANAL;094-NOVA ESPERANCA SAT 2
RODO/COURIER;SAT 2;094-NOVA LONDRINA;QUARTA-FEIRA;18;quinta-feira;SEMANAL;094-NOVA LONDRINA SAT 2
RODO/COURIER;SAT 2;094-OSVALDO CRUZ;TERÇA-FEIRA;17;quinta-feira;SEMANAL;094-OSVALDO CRUZ SAT 2
RODO/COURIER;SAT 2;094-OURINHOS;SEGUNDA-FEIRA;6;quarta-feira;SEMANAL;094-OURINHOS SAT 2
RODO/COURIER;SAT 2;094-PIRAJU;SEXTA-FEIRA;18;segunda-feira;SEMANAL;094-PIRAJU SAT 2
RODO/COURIER;SAT 2;094-PIRAPOZINHO;QUARTA-FEIRA;20;sexta-feira;SEMANAL;094-PIRAPOZINHO SAT 2
RODO/COURIER;SAT 2;094-PITANGA;SEGUNDA-FEIRA;0;segunda-feira;SEMANAL;094-PITANGA SAT 2
RODO/COURIER;SAT 2;094-PONTA PORA;QUINTA-FEIRA;6;sábado;QUINZENAL;094-PONTA PORA SAT 2
RODO/COURIER;SAT 2;094-PORECATU;SEGUNDA-FEIRA;0;segunda-feira;SEMANAL;094-PORECATU SAT 2
RODO/COURIER;SAT 2;094-PORECATU;QUINTA-FEIRA;0;quinta-feira;SEMANAL;094-PORECATU SAT 2
RODO/COURIER;SAT 2;094-PRESIDENTE PRUDENTE;SEGUNDA-FEIRA;20;quarta-feira;SEMANAL;094-PRESIDENTE PRUDENTE SAT 2
RODO/COURIER;SAT 2;094-SANTO ANASTACIO;TERÇA-FEIRA;20;quinta-feira;SEMANAL;094-SANTO ANASTACIO SAT 2
RODO/COURIER;SAT 2;094-SANTO ANTONIO DA PLATINA;TERÇA-FEIRA;20;quinta-feira;SEMANAL;094-SANTO ANTONIO DA PLATINA SAT 2
RODO/COURIER;SAT 2;094-SIQUEIRA CAMPOS;TERÇA-FEIRA;20;sexta-feira;SEMANAL;094-SIQUEIRA CAMPOS SAT 2
RODO/COURIER;SAT 2;094-TAQUARITUBA;SEGUNDA-FEIRA;18;quarta-feira;SEMANAL;094-TAQUARITUBA SAT 2
RODO/COURIER;SAT 2;094-TOLEDO;QUARTA-FEIRA;12;sexta-feira;SEMANAL;094-TOLEDO SAT 2
RODO/COURIER;SAT 2;094-UBIRATA;QUARTA-FEIRA;13;quinta-feira;SEMANAL;094-UBIRATA SAT 2
RODO/COURIER;SAT 2;094-UMUARAMA;TERÇA-FEIRA;20;quinta-feira;SEMANAL;094-UMUARAMA SAT 2
RODO/COURIER;SAT 3;094-ALTONIA;TERÇA-FEIRA;20;quarta-feira;SEMANAL;094-ALTONIA SAT 3
RODO/COURIER;SAT 3;094-ALTONIA;QUINTA-FEIRA;20;quarta-feira;SEMANAL;094-ALTONIA SAT 3
RODO/COURIER;SAT 3;094-ALTONIA;SÁBADO;13;quarta-feira;SEMANAL;094-ALTONIA SAT 3
RODO/COURIER;SAT 3;094-APUCARANA;SEGUNDA-FEIRA;0;terça-feira;SEMANAL;094-APUCARANA SAT 3
RODO/COURIER;SAT 3;094-ASSIS;SÁBADO;16;terça-feira;SEMANAL;094-ASSIS SAT 3
RODO/COURIER;SAT 3;094-ASTORGA;SEGUNDA-FEIRA;0;segunda-feira;SEMANAL;094-ASTORGA SAT 3
RODO/COURIER;SAT 3;094-CAMBE;QUINTA-FEIRA;0;quinta-feira;SEMANAL;094-CAMBE SAT 3
RODO/COURIER;SAT 3;094-CAMPO MOURAO;SEXTA-FEIRA;17;segunda-feira;SEMANAL;094-CAMPO MOURAO SAT 3
RODO/COURIER;SAT 3;094-CANDIDO MOTA;TERÇA-FEIRA;18;quinta-feira;SEMANAL;094-CANDIDO MOTA SAT 3
RODO/COURIER;SAT 3;094-CIANORTE;SEGUNDA-FEIRA;20;quarta-feira;SEMANAL;094-CIANORTE SAT 3
RODO/COURIER;SAT 3;094-COLORADO;QUINTA-FEIRA;0;sexta-feira;SEMANAL;094-COLORADO SAT 3
RODO/COURIER;SAT 3;094-CORNELIO PROCOPIO;TERÇA-FEIRA;0;quarta-feira;SEMANAL;094-CORNELIO PROCOPIO SAT 3
RODO/COURIER;SAT 3;094-FOZ DO IGUACU;SEGUNDA-FEIRA;13;quarta-feira;SEMANAL;094-FOZ DO IGUACU SAT 3
RODO/COURIER;SAT 3;094-GOIOERE;SEGUNDA-FEIRA;17;quarta-feira;SEMANAL;094-GOIOERE SAT 3
RODO/COURIER;SAT 3;094-IVAIPORA;QUINTA-FEIRA;0;sexta-feira;SEMANAL;094-IVAIPORA SAT 3
RODO/COURIER;SAT 3;094-LONDRINA;QUINTA-FEIRA;0;quinta-feira;SEMANAL;094-LONDRINA SAT 3
RODO/COURIER;SAT 3;094-OURINHOS;QUARTA-FEIRA;18;sexta-feira;SEMANAL;094-OURINHOS SAT 3
RODO/COURIER;SAT 3;094-PARANAVAI;QUARTA-FEIRA;20;sexta-feira;SEMANAL;094-PARANAVAI SAT 3
RODO/COURIER;SAT 3;094-PIRAJU;SEGUNDA-FEIRA;18;quarta-feira;SEMANAL;094-PIRAJU SAT 3
RODO/COURIER;SAT 3;094-PIRAPOZINHO;SEXTA-FEIRA;20;segunda-feira;SEMANAL;094-PIRAPOZINHO SAT 3
RODO/COURIER;SAT 3;094-PITANGA;QUINTA-FEIRA;0;quinta-feira;SEMANAL;094-PITANGA SAT 3
RODO/COURIER;SAT 3;094-PONTA PORA;QUINTA-FEIRA;6;sábado;QUINZENAL;094-PONTA PORA SAT 3
RODO/COURIER;SAT 3;094-PORECATU;QUARTA-FEIRA;0;quarta-feira;SEMANAL;094-PORECATU SAT 3
RODO/COURIER;SAT 3;094-PRESIDENTE PRUDENTE;QUINTA-FEIRA;20;sábado;SEMANAL;094-PRESIDENTE PRUDENTE SAT 3
RODO/COURIER;SAT 3;094-SANTA CRUZ RIO PARDO;QUARTA-FEIRA;18;sexta-feira;SEMANAL;094-SANTA CRUZ RIO PARDO SAT 3
RODO/COURIER;SAT 3;094-TAQUARITUBA;SEXTA-FEIRA;18;segunda-feira;SEMANAL;094-TAQUARITUBA SAT 3
RODO/COURIER;SAT 3;094-TOLEDO;QUARTA-FEIRA;12;sexta-feira;SEMANAL;094-TOLEDO SAT 3
RODO/COURIER;SAT 3;094-UBIRATA;QUINTA-FEIRA;13;sexta-feira;SEMANAL;094-UBIRATA SAT 3
RODO/COURIER;SAT 3;094-UMUARAMA;SÁBADO;13;quinta-feira;QUINZENAL;094-UMUARAMA SAT 3
RODO/COURIER;SAT 4;094-ALTONIA;TERÇA-FEIRA;20;quarta-feira;QUINZENAL;094-ALTONIA SAT 4
RODO/COURIER;SAT 4;094-APUCARANA;SEGUNDA-FEIRA;0;terça-feira;SEMANAL;094-APUCARANA SAT 4
RODO/COURIER;SAT 4;094-ASSIS;SÁBADO;16;terça-feira;SEMANAL;094-ASSIS SAT 4
RODO/COURIER;SAT 4;094-ASTORGA;SEGUNDA-FEIRA;0;segunda-feira;SEMANAL;094-ASTORGA SAT 4
RODO/COURIER;SAT 4;094-CAMPO MOURAO;SEXTA-FEIRA;17;segunda-feira;SEMANAL;094-CAMPO MOURAO SAT 4
RODO/COURIER;SAT 4;094-CASCAVEL;SÁBADO;13;terça-feira;SEMANAL;094-CASCAVEL SAT 4
RODO/COURIER;SAT 4;094-CIANORTE;QUARTA-FEIRA;20;sexta-feira;SEMANAL;094-CIANORTE SAT 4
RODO/COURIER;SAT 4;094-COLORADO;QUINTA-FEIRA;0;sexta-feira;SEMANAL;094-COLORADO SAT 4
RODO/COURIER;SAT 4;094-DOURADOS;SEXTA-FEIRA;20;terça-feira;SEMANAL;094-DOURADOS SAT 4
RODO/COURIER;SAT 4;094-GOIOERE;SEGUNDA-FEIRA;17;quarta-feira;SEMANAL;094-GOIOERE SAT 4
RODO/COURIER;SAT 4;094-LONDRINA;SEXTA-FEIRA;0;sexta-feira;SEMANAL;094-LONDRINA SAT 4
RODO/COURIER;SAT 4;094-PARANAVAI;SEGUNDA-FEIRA;20;quarta-feira;SEMANAL;094-PARANAVAI SAT 4
RODO/COURIER;SAT 4;094-PITANGA;QUINTA-FEIRA;0;quinta-feira;SEMANAL;094-PITANGA SAT 4
RODO/COURIER;SAT 4;094-SANTA CRUZ RIO PARDO;SEGUNDA-FEIRA;18;terça-feira;SEMANAL;094-SANTA CRUZ RIO PARDO SAT 4
RODO/COURIER;SAT 4;094-SIQUEIRA CAMPOS;QUINTA-FEIRA;20;segunda-feira;SEMANAL;094-SIQUEIRA CAMPOS SAT 4
RODO/COURIER;SAT 4;094-TOLEDO;QUARTA-FEIRA;12;sexta-feira;SEMANAL;094-TOLEDO SAT 4
RODO/COURIER;SAT 4;094-UMUARAMA;TERÇA-FEIRA;20;quinta-feira;QUINZENAL;094-UMUARAMA SAT 4
RODO/COURIER;SAT 5;094-ALTONIA;SÁBADO;13;terça-feira;SEMANAL;094-ALTONIA SAT 5
RODO/COURIER;SAT 5;094-APUCARANA;SEGUNDA-FEIRA;0;terça-feira;SEMANAL;094-APUCARANA SAT 5
RODO/COURIER;SAT 5;094-ASSIS;SÁBADO;16;terça-feira;SEMANAL;094-ASSIS SAT 5
RODO/COURIER;SAT 5;094-CAMPO MOURAO;SEXTA-FEIRA;17;segunda-feira;SEMANAL;094-CAMPO MOURAO SAT 5
RODO/COURIER;SAT 5;094-CASCAVEL;TERÇA-FEIRA;13;quinta-feira;SEMANAL;094-CASCAVEL SAT 5
RODO/COURIER;SAT 5;094-CIANORTE;QUARTA-FEIRA;20;sexta-feira;SEMANAL;094-CIANORTE SAT 5
RODO/COURIER;SAT 5;094-LONDRINA;SEXTA-FEIRA;0;sexta-feira;SEMANAL;094-LONDRINA SAT 5
RODO/COURIER;SAT 5;094-PARANAVAI;SEGUNDA-FEIRA;20;quarta-feira;SEMANAL;094-PARANAVAI SAT 5
RODO/COURIER;SAT 5;094-PRESIDENTE PRUDENTE;QUINTA-FEIRA;20;sábado;SEMANAL;094-PRESIDENTE PRUDENTE SAT 5
RODO/COURIER;SAT 5;094-SANTA CRUZ RIO PARDO;SEGUNDA-FEIRA;18;terça-feira;SEMANAL;094-SANTA CRUZ RIO PARDO SAT 5
RODO/COURIER;SAT 5;094-TOLEDO;QUARTA-FEIRA;12;sexta-feira;SEMANAL;094-TOLEDO SAT 5
RODO/COURIER;SAT 5;094-UMUARAMA;TERÇA-FEIRA;20;quinta-feira;QUINZENAL;094-UMUARAMA SAT 5
RODO/COURIER;SAT 6;094-APUCARANA;QUINTA-FEIRA;0;sexta-feira;SEMANAL;094-APUCARANA SAT 6
RODO/COURIER;SAT 6;094-CAMPO MOURAO;SEGUNDA-FEIRA;17;quarta-feira;SEMANAL;094-CAMPO MOURAO SAT 6
RODO/COURIER;SAT 6;094-CIANORTE;SEGUNDA-FEIRA;20;quarta-feira;SEMANAL;094-CIANORTE SAT 6
RODO/COURIER;SAT 6;094-LONDRINA;SEXTA-FEIRA;0;sexta-feira;SEMANAL;094-LONDRINA SAT 6
RODO/COURIER;SAT 6;094-PARANAVAI;QUARTA-FEIRA;20;sexta-feira;SEMANAL;094-PARANAVAI SAT 6
RODO/COURIER;SAT 6;094-TOLEDO;QUARTA-FEIRA;12;sexta-feira;SEMANAL;094-TOLEDO SAT 6
RODO/COURIER;SAT 6;094-UMUARAMA;SÁBADO;13;terça-feira;SEMANAL;094-UMUARAMA SAT 6
RODO/COURIER;SAT 7;094-CAMPO MOURAO;SEGUNDA-FEIRA;17;quarta-feira;SEMANAL;094-CAMPO MOURAO SAT 7
RODO/COURIER;SAT 7;094-LONDRINA;SEXTA-FEIRA;0;sexta-feira;SEMANAL;094-LONDRINA SAT 7
RODO/COURIER;SAT 7;094-TOLEDO;QUARTA-FEIRA;12;sexta-feira;SEMANAL;094-TOLEDO SAT 7
RODO/COURIER;SAT 7;094-UMUARAMA;SÁBADO;13;segunda-feira;SEMANAL;094-UMUARAMA SAT 7
RODO/COURIER;SAT 8;094-CAMPO MOURAO;SEGUNDA-FEIRA;17;quarta-feira;SEMANAL;094-CAMPO MOURAO SAT 8
RODO/COURIER;SAT 8;094-TOLEDO;QUARTA-FEIRA;12;sexta-feira;SEMANAL;094-TOLEDO SAT 8
RODO/COURIER;SAT 8;094-UMUARAMA;TERÇA-FEIRA;20;quinta-feira;QUINZENAL;094-UMUARAMA SAT 8
RODO/COURIER;SAT 9;094-CAMPO MOURAO;SEGUNDA-FEIRA;17;quarta-feira;SEMANAL;094-CAMPO MOURAO SAT 9
RODO/COURIER;SAT 9;094-TOLEDO;QUARTA-FEIRA;12;sexta-feira;SEMANAL;094-TOLEDO SAT 9
RODO/COURIER;SAT 9;094-UMUARAMA;TERÇA-FEIRA;20;quinta-feira;QUINZENAL;094-UMUARAMA SAT 9
VENDA RETIRA;Convencional;1014 - IVAIPORA;SEGUNDA-FEIRA;0;segunda-feira;SEMANAL;1014
VENDA RETIRA;Convencional;1014 - IVAIPORA;QUINTA-FEIRA;0;quinta-feira;SEMANAL;1014
VENDA RETIRA;Convencional;1039 - SIDROLANDIA;SEGUNDA-FEIRA;11;quarta-feira;SEMANAL;1039
VENDA RETIRA;Convencional;1039 - SIDROLANDIA;TERÇA-FEIRA;11;sexta-feira;SEMANAL;1039
VENDA RETIRA;Convencional;1039 - SIDROLANDIA;QUARTA-FEIRA;11;sexta-feira;SEMANAL;1039
VENDA RETIRA;Convencional;1039 - SIDROLANDIA;QUINTA-FEIRA;11;segunda-feira;SEMANAL;1039
VENDA RETIRA;Convencional;1039 - SIDROLANDIA;SEXTA-FEIRA;11;segunda-feira;SEMANAL;1039
VENDA RETIRA;Convencional;1039 - SIDROLANDIA;SÁBADO;11;quarta-feira;SEMANAL;1039
VENDA RETIRA;Convencional;106 - CAMPO GRANDE;SEGUNDA-FEIRA;11;terça-feira;SEMANAL;106
VENDA RETIRA;Convencional;106 - CAMPO GRANDE;TERÇA-FEIRA;11;quarta-feira;SEMANAL;106
VENDA RETIRA;Convencional;106 - CAMPO GRANDE;QUARTA-FEIRA;11;quinta-feira;SEMANAL;106
VENDA RETIRA;Convencional;106 - CAMPO GRANDE;QUINTA-FEIRA;11;sexta-feira;SEMANAL;106
VENDA RETIRA;Convencional;106 - CAMPO GRANDE;SEXTA-FEIRA;11;sábado;SEMANAL;106
VENDA RETIRA;Convencional;106 - CAMPO GRANDE;SÁBADO;11;segunda-feira;SEMANAL;106
VENDA RETIRA;Convencional;1062 - PARANAIBA;SÁBADO;0;segunda-feira;SEMANAL;1062
VENDA RETIRA;Convencional;1063 - COXIM;QUARTA-FEIRA;11;sexta-feira;SEMANAL;1063
VENDA RETIRA;Convencional;1063 - COXIM;SÁBADO;11;terça-feira;SEMANAL;1063
VENDA RETIRA;Convencional;158 - ARAPONGAS;SEGUNDA-FEIRA;0;segunda-feira;SEMANAL;158
VENDA RETIRA;Convencional;179 - BIRIGUI;SEGUNDA-FEIRA;13;terça-feira;SEMANAL;179
VENDA RETIRA;Convencional;179 - BIRIGUI;QUARTA-FEIRA;13;quinta-feira;SEMANAL;179
VENDA RETIRA;Convencional;179 - BIRIGUI;SEXTA-FEIRA;13;sábado;SEMANAL;179
VENDA RETIRA;Convencional;1808 - CASCAVEL;SEGUNDA-FEIRA;13;terça-feira;SEMANAL;1808
VENDA RETIRA;Convencional;1808 - CASCAVEL;QUARTA-FEIRA;13;quinta-feira;SEMANAL;1808
VENDA RETIRA;Convencional;182 - LONDRINA;SEGUNDA-FEIRA;0;segunda-feira;SEMANAL;182
VENDA RETIRA;Convencional;182 - LONDRINA;QUARTA-FEIRA;0;quarta-feira;SEMANAL;182
VENDA RETIRA;Convencional;182 - LONDRINA;QUINTA-FEIRA;0;quinta-feira;SEMANAL;182
VENDA RETIRA;Convencional;182 - LONDRINA;SÁBADO;0;sábado;SEMANAL;182
VENDA RETIRA;Convencional;184 - PARAGUACU PAULISTA;SEGUNDA-FEIRA;18;terça-feira;SEMANAL;184
VENDA RETIRA;Convencional;185 - TUPA;SEGUNDA-FEIRA;18;quarta-feira;SEMANAL;185
VENDA RETIRA;Convencional;194 - TRES LAGOAS;SEGUNDA-FEIRA;14;terça-feira;SEMANAL;194
VENDA RETIRA;Convencional;194 - TRES LAGOAS;TERÇA-FEIRA;14;quarta-feira;SEMANAL;194
VENDA RETIRA;Convencional;194 - TRES LAGOAS;QUINTA-FEIRA;14;sexta-feira;SEMANAL;194
VENDA RETIRA;Convencional;194 - TRES LAGOAS;SÁBADO;13;segunda-feira;SEMANAL;194
VENDA RETIRA;Convencional;202 - CORUMBA;SEGUNDA-FEIRA;11;quinta-feira;SEMANAL;202
VENDA RETIRA;Convencional;202 - CORUMBA;TERÇA-FEIRA;11;quinta-feira;SEMANAL;202
VENDA RETIRA;Convencional;202 - CORUMBA;QUARTA-FEIRA;11;sábado;SEMANAL;202
VENDA RETIRA;Convencional;202 - CORUMBA;QUINTA-FEIRA;11;sábado;SEMANAL;202
VENDA RETIRA;Convencional;202 - CORUMBA;SEXTA-FEIRA;11;terça-feira;SEMANAL;202
VENDA RETIRA;Convencional;202 - CORUMBA;SÁBADO;11;terça-feira;SEMANAL;202
VENDA RETIRA;Convencional;205 - AQUIDAUANA;SEGUNDA-FEIRA;11;quarta-feira;SEMANAL;205
VENDA RETIRA;Convencional;205 - AQUIDAUANA;TERÇA-FEIRA;11;sexta-feira;SEMANAL;205
VENDA RETIRA;Convencional;205 - AQUIDAUANA;QUARTA-FEIRA;11;sexta-feira;SEMANAL;205
VENDA RETIRA;Convencional;205 - AQUIDAUANA;QUINTA-FEIRA;11;segunda-feira;SEMANAL;205
VENDA RETIRA;Convencional;205 - AQUIDAUANA;SEXTA-FEIRA;11;segunda-feira;SEMANAL;205
VENDA RETIRA;Convencional;205 - AQUIDAUANA;SÁBADO;11;quarta-feira;SEMANAL;205
VENDA RETIRA;Convencional;206 - MARILIA;SEGUNDA-FEIRA;17;terça-feira;SEMANAL;206
VENDA RETIRA;Convencional;206 - MARILIA;QUARTA-FEIRA;17;quinta-feira;SEMANAL;206
VENDA RETIRA;Convencional;206 - MARILIA;SEXTA-FEIRA;17;sábado;SEMANAL;206
VENDA RETIRA;Convencional;271 - LONDRINA;SEGUNDA-FEIRA;0;segunda-feira;SEMANAL;271
VENDA RETIRA;Convencional;271 - LONDRINA;TERÇA-FEIRA;0;terça-feira;SEMANAL;271
VENDA RETIRA;Convencional;271 - LONDRINA;QUARTA-FEIRA;0;quarta-feira;SEMANAL;271
VENDA RETIRA;Convencional;271 - LONDRINA;QUINTA-FEIRA;0;quinta-feira;SEMANAL;271
VENDA RETIRA;Convencional;271 - LONDRINA;SÁBADO;0;sábado;SEMANAL;271
VENDA RETIRA;Convencional;296 - JACAREZINHO;SEGUNDA-FEIRA;20;terça-feira;SEMANAL;296
VENDA RETIRA;Convencional;296 - JACAREZINHO;QUARTA-FEIRA;20;quinta-feira;SEMANAL;296
VENDA RETIRA;Convencional;296 - JACAREZINHO;SEXTA-FEIRA;20;sábado;SEMANAL;296
VENDA RETIRA;Convencional;35 - ARACATUBA;TERÇA-FEIRA;17;quarta-feira;SEMANAL;35
VENDA RETIRA;Convencional;35 - ARACATUBA;QUINTA-FEIRA;17;sexta-feira;SEMANAL;35
VENDA RETIRA;Convencional;35 - ARACATUBA;SÁBADO;13;segunda-feira;SEMANAL;35
VENDA RETIRA;Convencional;453 - CAMPO GRANDE;SEGUNDA-FEIRA;11;terça-feira;SEMANAL;453
VENDA RETIRA;Convencional;453 - CAMPO GRANDE;TERÇA-FEIRA;11;quarta-feira;SEMANAL;453
VENDA RETIRA;Convencional;453 - CAMPO GRANDE;QUARTA-FEIRA;11;quinta-feira;SEMANAL;453
VENDA RETIRA;Convencional;453 - CAMPO GRANDE;QUINTA-FEIRA;11;sexta-feira;SEMANAL;453
VENDA RETIRA;Convencional;453 - CAMPO GRANDE;SEXTA-FEIRA;11;sábado;SEMANAL;453
VENDA RETIRA;Convencional;453 - CAMPO GRANDE;SÁBADO;11;segunda-feira;SEMANAL;453
VENDA RETIRA;Convencional;491 - ITARARE;SEXTA-FEIRA;15;sábado;SEMANAL;491
VENDA RETIRA;Convencional;52 - MARILIA;TERÇA-FEIRA;17;quarta-feira;SEMANAL;52
VENDA RETIRA;Convencional;52 - MARILIA;QUINTA-FEIRA;17;sexta-feira;SEMANAL;52
VENDA RETIRA;Convencional;52 - MARILIA;SEXTA-FEIRA;17;sábado;SEMANAL;52
VENDA RETIRA;Convencional;58 - PRESIDENTE PRUDENTE;TERÇA-FEIRA;20;quarta-feira;SEMANAL;58
VENDA RETIRA;Convencional;67 - MARINGA;SEGUNDA-FEIRA;0;segunda-feira;SEMANAL;67
VENDA RETIRA;Convencional;67 - MARINGA;TERÇA-FEIRA;0;terça-feira;SEMANAL;67
VENDA RETIRA;Convencional;67 - MARINGA;QUINTA-FEIRA;0;quinta-feira;SEMANAL;67
VENDA RETIRA;Convencional;68 - CASCAVEL;TERÇA-FEIRA;13;quarta-feira;SEMANAL;68
VENDA RETIRA;Convencional;68 - CASCAVEL;SÁBADO;13;segunda-feira;SEMANAL;68
VENDA RETIRA;Convencional;70 - APUCARANA;SEGUNDA-FEIRA;0;segunda-feira;SEMANAL;70
VENDA RETIRA;Convencional;78 - LONDRINA;SEGUNDA-FEIRA;0;segunda-feira;SEMANAL;78
VENDA RETIRA;Convencional;78 - LONDRINA;QUARTA-FEIRA;0;quarta-feira;SEMANAL;78
VENDA RETIRA;Convencional;78 - LONDRINA;QUINTA-FEIRA;0;quinta-feira;SEMANAL;78
VENDA RETIRA;Convencional;78 - LONDRINA;SÁBADO;0;sábado;SEMANAL;78
VENDA RETIRA;Convencional;80 - CAMPO GRANDE;SEGUNDA-FEIRA;11;terça-feira;SEMANAL;80
VENDA RETIRA;Convencional;80 - CAMPO GRANDE;TERÇA-FEIRA;11;quarta-feira;SEMANAL;80
VENDA RETIRA;Convencional;80 - CAMPO GRANDE;QUARTA-FEIRA;11;quinta-feira;SEMANAL;80
VENDA RETIRA;Convencional;80 - CAMPO GRANDE;QUINTA-FEIRA;11;sexta-feira;SEMANAL;80
VENDA RETIRA;Convencional;80 - CAMPO GRANDE;SEXTA-FEIRA;11;sábado;SEMANAL;80
VENDA RETIRA;Convencional;80 - CAMPO GRANDE;SÁBADO;11;segunda-feira;SEMANAL;80
VENDA RETIRA;Convencional;82 - CAMPO GRANDE;SEGUNDA-FEIRA;11;terça-feira;SEMANAL;82
VENDA RETIRA;Convencional;82 - CAMPO GRANDE;TERÇA-FEIRA;11;quarta-feira;SEMANAL;82
VENDA RETIRA;Convencional;82 - CAMPO GRANDE;QUARTA-FEIRA;11;quinta-feira;SEMANAL;82
VENDA RETIRA;Convencional;82 - CAMPO GRANDE;QUINTA-FEIRA;11;sexta-feira;SEMANAL;82
VENDA RETIRA;Convencional;82 - CAMPO GRANDE;SEXTA-FEIRA;11;sábado;SEMANAL;82
VENDA RETIRA;Convencional;82 - CAMPO GRANDE;SÁBADO;11;segunda-feira;SEMANAL;82
VENDA RETIRA;Convencional;85 - FOZ DO IGUACU;SEGUNDA-FEIRA;13;terça-feira;SEMANAL;85
VENDA RETIRA;Convencional;85 - FOZ DO IGUACU;QUARTA-FEIRA;13;quinta-feira;SEMANAL;85
VENDA RETIRA;Convencional;89 - OURINHOS;QUARTA-FEIRA;18;quinta-feira;SEMANAL;89
VENDA RETIRA;Convencional;89 - OURINHOS;SEXTA-FEIRA;18;sábado;SEMANAL;89
VENDA RETIRA;Convencional;911 - CASCAVEL;TERÇA-FEIRA;13;quarta-feira;SEMANAL;911
VENDA RETIRA;Convencional;911 - CASCAVEL;SÁBADO;13;segunda-feira;SEMANAL;911
VENDA RETIRA;Convencional;928 - ITAPEVA;SEXTA-FEIRA;15;sábado;SEMANAL;928
VENDA RETIRA;Convencional;940 - MARINGA;SEGUNDA-FEIRA;0;segunda-feira;SEMANAL;940
VENDA RETIRA;Convencional;940 - MARINGA;TERÇA-FEIRA;0;terça-feira;SEMANAL;940
VENDA RETIRA;Convencional;940 - MARINGA;QUINTA-FEIRA;0;quinta-feira;SEMANAL;940
VENDA RETIRA;Convencional;967 - SARANDI;SEGUNDA-FEIRA;0;segunda-feira;SEMANAL;967
VENDA RETIRA;Convencional;967 - SARANDI;QUARTA-FEIRA;0;quarta-feira;SEMANAL;967
VENDA RETIRA;Convencional;967 - SARANDI;SEXTA-FEIRA;0;sexta-feira;SEMANAL;967
VENDA RETIRA;Shopping;1043 - TRES LAGOAS;SEGUNDA-FEIRA;14;terça-feira;SEMANAL;1043
VENDA RETIRA;Shopping;1043 - TRES LAGOAS;TERÇA-FEIRA;14;quarta-feira;SEMANAL;1043
VENDA RETIRA;Shopping;1043 - TRES LAGOAS;QUINTA-FEIRA;14;sexta-feira;SEMANAL;1043
VENDA RETIRA;Shopping;1043 - TRES LAGOAS;SÁBADO;13;segunda-feira;SEMANAL;1043
VENDA RETIRA;Shopping;120 - PRESIDENTE PRUDENTE;TERÇA-FEIRA;20;quarta-feira;SEMANAL;120
VENDA RETIRA;Shopping;298 - MARINGA;SEGUNDA-FEIRA;0;segunda-feira;SEMANAL;298
VENDA RETIRA;Shopping;298 - MARINGA;QUARTA-FEIRA;0;quarta-feira;SEMANAL;298
VENDA RETIRA;Shopping;298 - MARINGA;SEXTA-FEIRA;0;sexta-feira;SEMANAL;298
VENDA RETIRA;Shopping;586 - CAMPO GRANDE;SEGUNDA-FEIRA;11;terça-feira;SEMANAL;586
VENDA RETIRA;Shopping;586 - CAMPO GRANDE;TERÇA-FEIRA;11;quarta-feira;SEMANAL;586
VENDA RETIRA;Shopping;586 - CAMPO GRANDE;QUARTA-FEIRA;11;quinta-feira;SEMANAL;586
VENDA RETIRA;Shopping;586 - CAMPO GRANDE;QUINTA-FEIRA;11;sexta-feira;SEMANAL;586
VENDA RETIRA;Shopping;586 - CAMPO GRANDE;SEXTA-FEIRA;11;sábado;SEMANAL;586
VENDA RETIRA;Shopping;586 - CAMPO GRANDE;SÁBADO;11;segunda-feira;SEMANAL;586
VENDA RETIRA;Shopping;75 - LONDRINA;SEGUNDA-FEIRA;0;segunda-feira;SEMANAL;75
VENDA RETIRA;Shopping;75 - LONDRINA;QUARTA-FEIRA;0;quarta-feira;SEMANAL;75
VENDA RETIRA;Shopping;75 - LONDRINA;QUINTA-FEIRA;0;quinta-feira;SEMANAL;75
VENDA RETIRA;Shopping;75 - LONDRINA;SÁBADO;0;sábado;SEMANAL;75
VENDA RETIRA;Shopping;975 - LONDRINA;SEGUNDA-FEIRA;0;segunda-feira;SEMANAL;975
VENDA RETIRA;Shopping;975 - LONDRINA;QUARTA-FEIRA;0;quarta-feira;SEMANAL;975
VENDA RETIRA;Shopping;975 - LONDRINA;QUINTA-FEIRA;0;quinta-feira;SEMANAL;975
VENDA RETIRA;Shopping;975 - LONDRINA;SÁBADO;0;sábado;SEMANAL;975
VENDA RETIRA;Shopping;978 - CAMPO GRANDE;SEGUNDA-FEIRA;11;terça-feira;SEMANAL;978
VENDA RETIRA;Shopping;978 - CAMPO GRANDE;TERÇA-FEIRA;11;quarta-feira;SEMANAL;978
VENDA RETIRA;Shopping;978 - CAMPO GRANDE;QUARTA-FEIRA;11;quinta-feira;SEMANAL;978
VENDA RETIRA;Shopping;978 - CAMPO GRANDE;QUINTA-FEIRA;11;sexta-feira;SEMANAL;978
VENDA RETIRA;Shopping;978 - CAMPO GRANDE;SEXTA-FEIRA;11;sábado;SEMANAL;978
VENDA RETIRA;Shopping;978 - CAMPO GRANDE;SÁBADO;11;segunda-feira;SEMANAL;978
VENDA RETIRA;Shopping;980 - LONDRINA;SEGUNDA-FEIRA;0;segunda-feira;SEMANAL;980
VENDA RETIRA;Shopping;980 - LONDRINA;TERÇA-FEIRA;0;terça-feira;SEMANAL;980
VENDA RETIRA;Shopping;980 - LONDRINA;QUARTA-FEIRA;0;quarta-feira;SEMANAL;980
VENDA RETIRA;Shopping;980 - LONDRINA;QUINTA-FEIRA;0;quinta-feira;SEMANAL;980
VENDA RETIRA;Shopping;980 - LONDRINA;SÁBADO;0;sábado;SEMANAL;980
VENDA RETIRA;Virtual;1023 - UBIRATA;TERÇA-FEIRA;13;quarta-feira;SEMANAL;1023
VENDA RETIRA;Virtual;1023 - UBIRATA;SÁBADO;13;segunda-feira;SEMANAL;1023
VENDA RETIRA;Virtual;1024 - JAGUARIAIVA;SEGUNDA-FEIRA;15;quarta-feira;SEMANAL;1024
VENDA RETIRA;Virtual;1197 - PITANGA;SEGUNDA-FEIRA;0;segunda-feira;SEMANAL;1197
VENDA RETIRA;Virtual;1197 - PITANGA;QUINTA-FEIRA;0;quinta-feira;SEMANAL;1197
VENDA RETIRA;Virtual;183 - IBIPORA;SEXTA-FEIRA;0;sexta-feira;SEMANAL;183
VENDA RETIRA;Virtual;1848 - CAMBE;SEGUNDA-FEIRA;0;segunda-feira;SEMANAL;1848
VENDA RETIRA;Virtual;1848 - CAMBE;QUARTA-FEIRA;0;quarta-feira;SEMANAL;1848
VENDA RETIRA;Virtual;1848 - CAMBE;SEXTA-FEIRA;0;sexta-feira;SEMANAL;1848
VENDA RETIRA;Virtual;603 - RANCHARIA;SEGUNDA-FEIRA;18;quarta-feira;SEMANAL;603
VENDA RETIRA;Virtual;606 - BASTOS;SEGUNDA-FEIRA;18;terça-feira;SEMANAL;606
VENDA RETIRA;Virtual;667 - SAO MIGUEL DO IGUACU;TERÇA-FEIRA;10;quinta-feira;SEMANAL;667
VENDA RETIRA;Virtual;667 - SAO MIGUEL DO IGUACU;QUINTA-FEIRA;10;sábado;SEMANAL;667
VENDA RETIRA;Virtual;667 - SAO MIGUEL DO IGUACU;SÁBADO;13;terça-feira;SEMANAL;667
VENDA RETIRA;Virtual;668 - ARAPOTI;SEGUNDA-FEIRA;15;quarta-feira;SEMANAL;668
VENDA RETIRA;Virtual;680 - MATELANDIA;TERÇA-FEIRA;10;quarta-feira;SEMANAL;680
VENDA RETIRA;Virtual;680 - MATELANDIA;QUINTA-FEIRA;10;sexta-feira;SEMANAL;680
VENDA RETIRA;Virtual;680 - MATELANDIA;SÁBADO;13;segunda-feira;SEMANAL;680
VENDA RETIRA;Virtual;682 - ANDIRA;SEGUNDA-FEIRA;20;terça-feira;SEMANAL;682
VENDA RETIRA;Virtual;682 - ANDIRA;QUARTA-FEIRA;20;quinta-feira;SEMANAL;682
VENDA RETIRA;Virtual;682 - ANDIRA;SEXTA-FEIRA;20;sábado;SEMANAL;682
VENDA RETIRA;Virtual;683 - MEDIANEIRA;TERÇA-FEIRA;10;quarta-feira;SEMANAL;683
VENDA RETIRA;Virtual;683 - MEDIANEIRA;QUINTA-FEIRA;10;sexta-feira;SEMANAL;683
VENDA RETIRA;Virtual;683 - MEDIANEIRA;SÁBADO;13;segunda-feira;SEMANAL;683
VENDA RETIRA;Virtual;685 - PORECATU;SEGUNDA-FEIRA;0;segunda-feira;SEMANAL;685
VENDA RETIRA;Virtual;685 - PORECATU;QUINTA-FEIRA;0;quinta-feira;SEMANAL;685
VENDA RETIRA;Virtual;686 - CAMBARA;SEGUNDA-FEIRA;20;terça-feira;SEMANAL;686
VENDA RETIRA;Virtual;686 - CAMBARA;QUARTA-FEIRA;20;quinta-feira;SEMANAL;686
VENDA RETIRA;Virtual;686 - CAMBARA;SEXTA-FEIRA;20;sábado;SEMANAL;686
